URL,Version,Status,OIDs,Name,Title,Description,Used
http://tecnomod-um.org/CodeSystem/assessment-context-cs,0.1.0,active,,AssessmentContextCS,Assessment Context Code System,"This CodeSystem defines normalized codes for the clinical context / relative timepoint at which a stroke-related assessment was performed. It is primarily used to contextualize functional and severity instruments (e.g., mRS and NIHSS) where interpretation depends on whether the score reflects baseline status, acute presentation, discharge status, or follow-up.  These codes represent *relative phases* (pre-stroke baseline, admission, discharge, ~3-month follow-up) rather than precise timestamps. The actual date/time of measurement should be recorded in Observation.effective[x] when known; the context code complements effective[x] by expressing the clinical phase, which is often necessary for reporting and comparability (e.g., “mRS pre-stroke” vs “mRS at discharge”).",
http://tecnomod-um.org/CodeSystem/brain-imaging-type-cs,0.1.0,active,,BrainImagingTypeCS,Brain Imaging Type Code System,"Codes specifying the type of brain imaging performed (e.g., CT, MRI).",
http://tecnomod-um.org/CodeSystem/discharge-dept-cs,0.1.0,active,,DischargeDeptCS,Discharge Department/Service Code System,"Code system specifying the type of department or service the patient was discharged or transferred to.",
http://tecnomod-um.org/CodeSystem/hemorrhagic-stroke-bleeding-reason-cs,0.1.0,active,,HemorrhagicStrokeBleedingReasonCS,Hemorrhagic Stroke Bleeding Reason Code System,"Codes indicating the reason for bleeding in hemorrhagic stroke cases.",
http://tecnomod-um.org/CodeSystem/initial-care-intensity-cs,0.1.0,active,,InitialCareIntensityCS,Initial Care Intensity Code System,"Codes indicating the level of care provided during the patient's initial day(s) in the hospital.",
http://tecnomod-um.org/CodeSystem/medication-cs,0.1.0,draft,,MedicationCS,Medications CodeSystem,"Codes for drug products or substances representing the Medications on the patient discharge.",
http://tecnomod-um.org/CodeSystem/mrs-score-cs,0.1.0,active,,MRsScoreCS,Modified Rankin Scale Score Code System,"This CodeSystem defines codes for the modified Rankin Scale (mRS), an ordinal measure of global disability and functional outcome widely used in stroke care and research. mRS grades functional status from 0 (no symptoms) through 5 (severe disability), with 6 indicating death.  Within this implementation guide, mRS is intended to be captured as Observation.valueCodeableConcept (bound to the MRsScoreVS ValueSet), with the assessment timepoint represented explicitly (e.g., via effective[x]) and/or via an assessment context indicator (e.g., pre-stroke baseline, discharge, ~90-day follow-up). This supports standard reporting (e.g., “mRS at 90 days”), comparability across sites, and consistent downstream analytics.  Scope and modeling notes: - mRS is a coarse, global disability scale; it does not encode detailed domain-specific functional limitations (mobility, cognition, ADLs) which should be captured via additional instruments/Observations if required. - The CodeSystem defines only the *score*; method of ascertainment (in-person, telephone, structured interview) and assessor details should be captured separately when relevant.",
http://tecnomod-um.org/CodeSystem/mtici-code-cs,0.1.0,active,,MTICICodeCS,Modified Thrombolysis in Cerebral Infarction Assessment CodeSystem,"This CodeSystem defines the assessment concept code(s) used to indicate that an Observation is reporting an mTICI reperfusion grade. It is intentionally separated from the MticiScoreCS CodeSystem, which contains the actual mTICI grade values (0–3 with 2a/2b/2c).  In practice: - Observation.code identifies the *kind of measurement/assessment* (“mTICI reperfusion grade”). - Observation.valueCodeableConcept carries the *result* (one of the mTICI grades from MticiScoreVS).  This separation improves semantic clarity and supports consistent validation and analytics across systems.",
http://tecnomod-um.org/CodeSystem/mtici-score-cs,0.1.0,draft,,MticiScoreCS,MTICI Score Code System,"This CodeSystem defines codes for the modified Treatment in Cerebral Ischemia / modified Thrombolysis in Cerebral Infarction (mTICI) reperfusion grade. mTICI is an ordinal angiographic scale used to quantify the extent of antegrade reperfusion of the downstream ischemic territory after endovascular therapy for acute ischemic stroke (e.g., mechanical thrombectomy).  The scale ranges from 0 (no perfusion) to 3 (complete reperfusion), with 2a/2b/2c subgrades to distinguish partial, substantial, and near-complete reperfusion. These codes are intended for consistent, interoperable capture in HL7® FHIR® resources—most commonly Observation.valueCodeableConcept—supporting procedural documentation, registry submission, audit/quality improvement, and research.  Scope and modeling notes: - This CodeSystem represents the *final* angiographic reperfusion grade for the target downstream territory, typically assigned from the final post-procedural angiographic run (commonly DSA). - It does not encode target vessel location, imaging modality details, timestamps, technique/device, number of passes, collateral status, or adjudication process; those elements should be recorded separately (e.g., Procedure, ImagingStudy, Observation.method, extensions). - Any local definition of “successful reperfusion” (often operationalized as mTICI ≥ 2b, depending on protocol) should be implemented via ValueSets, rules, or reporting logic without altering code meanings.",
http://tecnomod-um.org/CodeSystem/procedure-timing-context-cs,0.1.0,active,,ProcedureTimingContextCS,Procedure Timing Context Code System,"Codes defining the timing phase of a procedure relative to the encounter start (e.g., acute vs. post-acute).",
http://tecnomod-um.org/CodeSystem/stroke-arrival-mode-cs,0.1.0,active,,StrokeArrivalModeCS,Initial Care Intensity Code System,"Codes indicating the level of care provided during the patient's initial day(s) in the hospital.",
http://tecnomod-um.org/CodeSystem/stroke-circumstance-codes-cs,0.1.0,active,,StrokeCircumstanceCodesCS,Stroke Circumstance Codes CodeSystem," This CodeSystem defines coded circumstances related to stroke symptom onset that are clinically relevant for eligibility decisions, diagnostic reasoning, and reporting—particularly when the exact onset time is unknown or atypical.  These codes are intended to be used as Observation.code in the StrokeCircumstanceObservationProfile to assert that a given onset circumstance applies to the index stroke event. They do not encode the precise onset timestamp, last-known-well time, or location of onset; those details should be represented separately (e.g., dedicated Observations, Encounter/Condition attributes, or extensions).",
http://tecnomod-um.org/CodeSystem/stroke-discharge-destination-cs,0.1.0,active,,StrokeDischargeDestinationCS,Stroke Discharge Destination Code System,"Codes indicating the possible destinations of the patient upon discharge from the encounter.",
http://tecnomod-um.org/CodeSystem/stroke-etiology-cs,0.1.0,active,,StrokeEtiologyCS,Stroke Etiology Code System,"Codes indicating the etiology of strokes.",
http://tecnomod-um.org/CodeSystem/stroke-proc-not-done-reason-cs,0.1.0,active,,StrokeProcNotDoneReasonCS,Stroke Procedure Not Done Reason Code System,"Codes specifying the reason principal for not performing a key stroke procedure (Thrombolysis, Thrombectomy).",
http://tecnomod-um.org/CodeSystem/swallow-procedures-cs,0.1.0,active,,SwallowProceduresCS,Swallow Procedures Code System,"Codes representing various swallowing assessment procedures.",
http://tecnomod-um.org/CodeSystem/swallow-screen-time-cs,0.1.0,active,,SwallowScreenTimeCS,Swallowing Screening Timing Category Code System,"Temporal categories relative to stroke onset for swallowing screening.",
http://tecnomod-um.org/CodeSystem/thrombectomy-complication-cs,0.1.0,active,,ThrombectomyComplicationCS,Thrombectomy Complication Code System,"Codes specifying the specific complications of thrombectomy to record.",
http://tecnomod-um.org/CodeSystem/timing-metric-codes-cs,0.1.0,active,,TimingMetricCodesCS,Stroke Timing Metric Codes CodeSystem,"This CodeSystem defines codes for key time-interval process metrics in acute stroke care used for quality monitoring and pathway optimization. Each code represents a duration measured in minutes between two clinically meaningful events (e.g., hospital arrival to thrombolysis start).  These metrics are commonly used in performance dashboards, registry submissions, and quality improvement programs. The intent is to store the *measured interval* (a duration) in Observation.valueQuantity (UCUM minutes), while event timestamps (arrival time, needle time, groin puncture time) may be stored separately when available.",
