URL,Version,Status,OIDs,Name,Title,Description,Used
http://tecnomod-um.org/CodeSystem/assessment-context-cs,1.0.0,active,,AssessmentContextCS,Assessment Context Code System,"This CodeSystem defines normalized codes for the **clinical context / relative timepoint** at which a stroke-related assessment is performed. It is primarily used to contextualize instruments whose interpretation depends on phase (e.g., mRS/NIHSS at baseline vs discharge vs follow-up).  **Primary use-case** - Use as the value in `ObservationTimingContextExtension.valueCodeableConcept` to label the phase of an assessment.  **How it complements effective[x]** - `Observation.effective[x]` records the actual date/time (when known). - This CodeSystem records the standardized phase label used for reporting and comparability.  **Why this is needed** - Many workflows report outcomes by phase even when the exact timestamp is unknown or operationally variable (“mRS at 90 days”).",
http://tecnomod-um.org/CodeSystem/brain-imaging-type-cs,1.0.0,active,,BrainImagingTypeCS,Brain Imaging Type CodeSystem,"This local CodeSystem defines codes for **brain imaging protocol bundles** commonly used in acute stroke, such as CT+CTA+perfusion.  **When to use** - The source system reports the study as a combined protocol (e.g., ""CT/CTA/CTP"") without individual modality breakdown. - You need a stable code for quality indicators and cohort definitions (e.g., “patients who had CT+CTA+perfusion”).",
http://tecnomod-um.org/CodeSystem/discharge-dept-cs,1.0.0,active,,DischargeDeptCS,Discharge Department/Service CodeSystem,"Local CodeSystem representing the **clinical service/department** responsible for the patient at discharge/transfer (or the service the patient is transferred to).  **Primary use-case** - Populate `DischargeDepartmentServiceExtension` on Encounter to support:   - bed management and service-level reporting,   - pathway characterization (e.g., discharge under neurology vs rehab),   - operational analytics and capacity planning.  **Modeling notes** - This captures *service classification*, not the physical ward/room. Physical location should be modeled using `Encounter.location`   (and references to Location resources) if needed.",
http://tecnomod-um.org/CodeSystem/hemorrhagic-stroke-bleeding-reason-cs,1.0.0,active,,HemorrhagicStrokeBleedingReasonCS,Hemorrhagic Stroke Bleeding Reason CodeSystem,"Local CodeSystem representing **locally governed reasons/causes** for intracranial bleeding in hemorrhagic stroke.  **Primary use-case** - Used via `HemorrhagicStrokeBleedingReasonVS` as the allowed vocabulary for `HemorrhagicStrokeBleedingReasonExt.valueCodeableConcept`   on a definitive hemorrhagic stroke Condition.",
http://tecnomod-um.org/CodeSystem/initial-care-intensity-cs,1.0.0,active,,InitialCareIntensityCS,Initial Care Intensity CodeSystem,"Local CodeSystem representing the **initial intensity of care** during the first day(s) of the stroke encounter.  **Primary use-case** - Populate `InitialCareIntensityExtension` on Encounter to support:   - case-mix characterization (ICU/stroke unit vs monitored vs standard bed),   - operational benchmarking and staffing analysis,   - research stratification where initial level-of-care is a confounder.  **Interpretation guidance** - `standard`: no continuous monitoring beyond standard nursing observation. - `monitored`: telemetry or continuous monitoring outside ICU. - `icu-stroke`: ICU or dedicated stroke unit level care (per local definitions).",
http://tecnomod-um.org/CodeSystem/medication-cs,1.0.0,draft,,MedicationCS,Discharge Medication Category CodeSystem,"Local CodeSystem providing **coarse medication categories** used in discharge prescribing when the source system cannot (or does not) provide a specific coded drug product/substance.  **Primary use-cases** - Minimum-data capture for discharge medication classes relevant to stroke secondary prevention (e.g., anticoagulant vs antiplatelet). - Registry reporting where only “medication class prescribed at discharge” is available. - Analytics and quality indicators (e.g., “antithrombotic at discharge”) when specific agent is unknown.  **How it is used in FHIR** - Included in `MedicationVS` so it can be used in `MedicationRequest.medication` (CodeableConcept). ",
http://tecnomod-um.org/CodeSystem/mrs-score-cs,1.0.0,active,,MRsScoreCS,Modified Rankin Scale Score Code System,"This CodeSystem defines codes for the **modified Rankin Scale (mRS)**, an ordinal measure of global disability and functional outcome. Scores range from 0 (no symptoms) to 5 (severe disability), with 6 indicating death.  **Primary use-case** - Use as the coded result in `Observation.valueCodeableConcept` (bound via MRsScoreVS) when recording an mRS outcome.  **Modeling notes** - mRS is a global disability scale and does not capture domain-specific limitations (mobility, ADLs, cognition).   Capture those via additional instruments/Observations when needed. - Method of ascertainment and assessor details should be recorded separately (e.g., Observation.method, performer, Provenance).",
http://tecnomod-um.org/CodeSystem/mtici-code-cs,1.0.0,active,,MTICICodeCS,Modified Thrombolysis in Cerebral Infarction Assessment CodeSystem,"This CodeSystem defines the *assessment concept code* used to indicate that an Observation is reporting an mTICI reperfusion grade.  **Design pattern** - `Observation.code` identifies the kind of assessment (“mTICI reperfusion grade”). - `Observation.valueCodeableConcept` carries the result (one of the grades in MticiScoreVS).",
http://tecnomod-um.org/CodeSystem/mtici-score-cs,1.0.0,draft,,MticiScoreCS,Modified Treatment in Cerebral Infarction Grade Score CodeSystem,"This CodeSystem defines the **modified Thrombolysis in Cerebral Infarction (mTICI)** reperfusion grade values. mTICI is an ordinal angiographic scale used to quantify the extent of reperfusion after endovascular therapy for acute ischemic stroke.  **Primary use-case** - Use as the coded result in `Observation.valueCodeableConcept` (bound via MticiScoreVS) when recording the *final angiographic reperfusion grade*.  **Modeling notes** - Represents the *final* reperfusion grade for the downstream ischemic territory (typically adjudicated from the final angiographic run). - Does not encode target vessel, device/technique, number of passes, timestamps, or adjudication workflow; capture those via Procedure, ImagingStudy, Observation.method, or additional Observations/Provenance.",
http://tecnomod-um.org/CodeSystem/procedure-timing-context-cs,1.0.0,active,,ProcedureTimingContextCS,Procedure Timing Context CodeSystem,"Local CodeSystem for classifying a procedure into a **timing context** relative to encounter start.  **Primary use-case** - Normalize reporting into acute (<24h) vs post-acute (>=24h) phases for stroke process measures.   **FHIR placement** - Used in `ProcedureTimingContextExtension` attached to Procedure.",
http://tecnomod-um.org/CodeSystem/stroke-arrival-mode-cs,1.0.0,active,,StrokeArrivalModeCS,Stroke Arrival Mode CodeSystem,"Local CodeSystem describing **how and from where** the patient arrived to the treating hospital for the index stroke encounter.  **Primary use-case** - Populate `Encounter.admission.admitSource` (via StrokeArrivalModeVS) to support:   - workflow analysis (EMS vs private transport),   - pathway compliance reporting (direct-to-stroke-center vs inter-facility transfer),   - operational dashboards and registries.  **Modeling notes** - These codes describe *arrival origin and transport pathway*, not clinical triage severity. - If you need transport timestamps, EMS unit identifiers, or handover details, model them separately ",
http://tecnomod-um.org/CodeSystem/stroke-circumstance-codes-cs,1.0.0,active,,StrokeCircumstanceCodesCS,Stroke Circumstance Codes CodeSystem,"This CodeSystem defines coded circumstances related to stroke symptom onset that are clinically relevant when onset time is unknown or atypical.  **Primary use-case** - Use as `Observation.code` in `StrokeCircumstanceObservationProfile`. - Presence of the Observation asserts that the circumstance applies to the index stroke event.",
http://tecnomod-um.org/CodeSystem/stroke-discharge-destination-cs,1.0.0,active,,StrokeDischargeDestinationCS,Stroke Discharge Destination CodeSystem,"Local CodeSystem for discharge disposition values that are not sufficiently covered (or not consistently available) in the chosen standard terminology set.",
http://tecnomod-um.org/CodeSystem/stroke-etiology-cs,1.0.0,active,,StrokeEtiologyCS,Stroke Etiology CodeSystem,"Local CodeSystem defining categories for **ischemic stroke etiology** classification.  **Primary use-case** - Used via `StrokeEtiologyVS` as the required vocabulary for `StrokeStrokeEtiologyExt.valueCodeableConcept`   on a definitive ischemic stroke Condition.  **Why it exists** - Stroke etiology classification often mixes internationally standard categories (cardioembolic, lacunar, cryptogenic) with local operational buckets.  **Modeling notes** - This CodeSystem is intended for “final etiology classification” after diagnostic workup, not for provisional hypotheses.",
http://tecnomod-um.org/CodeSystem/stroke-proc-not-done-reason-cs,1.0.0,active,,StrokeProcNotDoneReasonCS,Stroke Procedure Not Done Reasons CodeSystem," Local CodeSystem enumerating standardized reasons why a key stroke procedure (e.g., IV thrombolysis or mechanical thrombectomy) was **not performed**.  **Primary use-case** - Populate `Procedure.statusReason` when `Procedure.status = not-done`.  **Why it matters** - Captures the difference between:   - clinical ineligibility (contraindication),   - time-based ineligibility (outside window),   - operational constraints (unavailable),   - patient choice (refusal),   - care pathway differences (performed elsewhere / transfer).",
http://tecnomod-um.org/CodeSystem/swallow-procedures-cs,1.0.0,active,,SwallowProceduresCS,Swallow Procedures CodeSystem,"Local CodeSystem representing swallowing screening/assessment tools often documented by acronym or local naming.  **FHIR placement** - Included in `SwallowProceduresVS` to be used in `Procedure.code` ",
http://tecnomod-um.org/CodeSystem/swallow-screen-time-cs,1.0.0,active,,SwallowScreenTimeCS,Swallowing Screening Timing Category CodeSystem,"Local CodeSystem that categorizes when a swallowing screening occurred relative to stroke onset/admission.  **Primary use-case** - Support process metrics such as “screening completed within 4 hours”.  **FHIR placement** - Used as a CodeableConcept in a Procedure extension (`SwallowingScreeningTimingCategoryExt`).",
http://tecnomod-um.org/CodeSystem/thrombectomy-complication-cs,1.0.0,active,,ThrombectomyComplicationCS,Thrombectomy Complication CodeSystem,"Local CodeSystem for complications occurring during mechanical thrombectomy.  **When to use** - If you need a controlled internal vocabulary for adverse events/complications, especially when upstream systems do not provide SNOMED-coded diagnoses.  **How it is used in FHIR R5** - Usually referenced from `Procedure.complication` which is a `CodeableReference(Condition)` in R5. - You may represent the complication as a `Condition` (preferred), and/or record a code directly depending on your implementation pattern.  **Why it exists** - Supports minimum-set reporting across sites and enables consistent quality/safety analytics.",
http://tecnomod-um.org/CodeSystem/timing-metric-codes-cs,1.0.0,active,,TimingMetricCodesCS,Stroke Timing Metric Codes CodeSystem,"This CodeSystem defines codes for key **time-interval process metrics** in acute stroke care. Each code represents a duration measured between two clinically meaningful events (e.g., arrival to thrombolysis start).  **Primary use-case** - Use as `Observation.code` in `TimingMetricObservationProfile`. - Store the measured interval in `Observation.valueQuantity` with UCUM minutes (`min`).",
