URL,Version,Status,OIDs,Name,Title,Description,Used
http://hl7.org/fhir/CodeSystem/medication-statement-adherence,5.0.0,active,"2.16.840.1.113883.4.642.4.1981",MedicationStatementAdherenceCodes,MedicationStatement Adherence Codes,"MedicationStatement Adherence Codes","ValueSet/medication-statement-adherence"
http://hl7.org/fhir/event-status,5.0.0,draft,"2.16.840.1.113883.4.642.4.110",EventStatus,EventStatus,"Codes identifying the lifecycle stage of an event.","ValueSet/event-status"
http://tecnomod-um.org/CodeSystem/assessment-context-cs,0.1.0,active,,AssessmentContextCS,Assessment Context Code System,"Codes defining the context or timing of a clinical assessment, particularly functional scores.","ValueSet/assessment-context-vs"
http://tecnomod-um.org/CodeSystem/brain-imaging-type-cs,0.1.0,active,,BrainImagingTypeCS,Brain Imaging Type Code System,"Codes specifying the type of brain imaging performed (e.g., CT, MRI).","ValueSet/brain-imaging-modality-vs"
http://tecnomod-um.org/CodeSystem/discharge-dept-cs,0.1.0,active,,DischargeDeptCS,Discharge Department/Service Code System,"Code system specifying the type of department or service the patient was discharged or transferred to.","ValueSet/discharge-dept-vs"
http://tecnomod-um.org/CodeSystem/hemorrhagic-stroke-bleeding-reason-cs,0.1.0,active,,HemorrhagicStrokeBleedingReasonCS,Hemorrhagic Stroke Bleeding Reason Code System,"Codes indicating the reason for bleeding in hemorrhagic stroke cases.","ValueSet/hemorrhagic-stroke-bleeding-reason-vs"
http://tecnomod-um.org/CodeSystem/initial-care-intensity-cs,0.1.0,active,,InitialCareIntensityCS,Initial Care Intensity Code System,"Codes indicating the level of care provided during the patient's initial day(s) in the hospital.","ValueSet/initial-care-intensity-vs"
http://tecnomod-um.org/CodeSystem/medication-cs,0.1.0,draft,,MedicationCS,Medications CodeSystem,"Codes for drug products or substances representing the Medications on the patient discharge.","ValueSet/medication-vs"
http://tecnomod-um.org/CodeSystem/mrs-score-cs,0.1.0,active,,MRsScoreCS,modified Rankin Scale (mRS) Score Code System,"Codes representing the modified Rankin Scale (mRS) score for functional outcome.","ValueSet/mrs-score-vs"
http://tecnomod-um.org/CodeSystem/mtici-code-cs,0.1.0,active,,MTICICodeCS,mTICI Score Codes CodeSystem,"Codes representing the mTICI score used to assess the degree of reperfusion after a thrombectomy procedure.","ValueSet/mtici-code-vs"
http://tecnomod-um.org/CodeSystem/mtici-score-cs,0.1.0,draft,,MticiScoreCS,MTICI Score Code System,"This CodeSystem defines the codes for the modified Treatment in Cerebral Ischemia / modified Thrombolysis in Cerebral Infarction (mTICI) reperfusion score, an ordinal angiographic scale used to grade the extent of downstream tissue reperfusion after endovascular therapy (e.g., mechanical thrombectomy) in acute ischemic stroke. The scale ranges from 0 (no perfusion) to 3 (complete reperfusion) and includes the 2a/2b/2c subgrades to differentiate partial, substantial, and near-complete reperfusion. These codes are intended for consistent, structured capture in HL7® FHIR® resources such as Observation (valueCodeableConcept), Procedure reports, registries, and research datasets. The CodeSystem represents only the final reperfusion grade for the target downstream territory assessed on post-procedural angiography (commonly DSA). It does not encode vessel location, imaging modality details, timing, technique/device used, or adjudication method; those aspects should be modeled separately. Any local definition of “successful reperfusion” (often mTICI ≥ 2b, depending on protocol) should be implemented via ValueSets, decision support logic, or reporting rules rather than by altering the meaning of the underlying codes.","ValueSet/mtici-score-vs"
http://tecnomod-um.org/CodeSystem/procedure-timing-context-cs,0.1.0,active,,ProcedureTimingContextCS,Procedure Timing Context Code System,"Codes defining the timing phase of a procedure relative to the encounter start (e.g., acute vs. post-acute).","ValueSet/procedure-timing-context-vs"
http://tecnomod-um.org/CodeSystem/stroke-arrival-mode-cs,0.1.0,active,,StrokeArrivalModeCS,Initial Care Intensity Code System,"Codes indicating the level of care provided during the patient's initial day(s) in the hospital.","ValueSet/stroke-arrival-mode-vs"
http://tecnomod-um.org/CodeSystem/stroke-circumstance-codes-cs,0.1.0,active,,StrokeCircumstanceCodesCS,Stroke Circumstance Codes CodeSystem,"Codes for findings related to the circumstances of stroke onset (In-hospital, Wake-up).","ValueSet/stroke-circumstance-codes-vs"
http://tecnomod-um.org/CodeSystem/stroke-discharge-destination-cs,0.1.0,active,,StrokeDischargeDestinationCS,Stroke Discharge Destination Code System,"Codes indicating the possible destinations of the patient upon discharge from the encounter.","ValueSet/stroke-discharge-destination-vs"
http://tecnomod-um.org/CodeSystem/stroke-etiology-cs,0.1.0,active,,StrokeEtiologyCS,Stroke Etiology Code System,"Codes indicating the etiology of strokes.","ValueSet/stroke-etiology-vs"
http://tecnomod-um.org/CodeSystem/stroke-proc-not-done-reason-cs,0.1.0,active,,StrokeProcNotDoneReasonCS,Stroke Procedure Not Done Reason Code System,"Codes specifying the reason principal for not performing a key stroke procedure (Thrombolysis, Thrombectomy).","ValueSet/stroke-proc-not-done-reason-vs"
http://tecnomod-um.org/CodeSystem/swallow-procedures-cs,0.1.0,active,,SwallowProceduresCS,Swallow Procedures Code System,"Codes representing various swallowing assessment procedures.","ValueSet/swallow-procedures-vs"
http://tecnomod-um.org/CodeSystem/swallow-screen-time-cs,0.1.0,active,,SwallowScreenTimeCS,Swallowing Screening Timing Category Code System,"Temporal categories relative to stroke onset for swallowing screening.","ValueSet/swallowing-screening-timing-category-vs"
http://tecnomod-um.org/CodeSystem/timing-metric-codes-cs,0.1.0,active,,TimingMetricCodesCS,Stroke Timing Metric Codes ValueSet,"Codes for key process timing metrics in acute stroke care (D2N, D2G).","ValueSet/timing-metric-codes-vs"
