URL,Version,Status,OIDs,Name,Title,Description,Uses,Used,Sources
http://hl7.org/fhir/ValueSet/event-status,5.0.0,draft,"2.16.840.1.113883.4.642.3.109",EventStatus,EventStatus,"Codes identifying the lifecycle stage of an event.","StructureDefinition/stroke-mechanical-procedure-profile,StructureDefinition/stroke-carotid-imaging-procedure-profile,StructureDefinition/stroke-brain-imaging-procedure-profile,StructureDefinition/stroke-swallow-procedure-profile","hl7.fhir.r5.core"
http://hl7.org/fhir/ValueSet/medication-statement-adherence,5.0.0,draft,"2.16.840.1.113883.4.642.3.3090",MedicationStatementAdherenceCodes,MedicationStatement Adherence Codes,"MedicationStatement Adherence Codes","StructureDefinition/prior-medication-statement-profile","hl7.fhir.r5.core"
http://tecnomod-um.org/ValueSet/admission-source-vs,0.1.0,draft,,AdmissionSourceValueSet,Admission Sources ValueSet,"Defines the modes of transport or pathways by which the patient arrived.",,"SCT"
http://tecnomod-um.org/ValueSet/afib-flutter-status-vs,0.1.0,active,,AfibFlutterStatusVS,Atrial Fibrillation / Flutter Assessment Status ValueSet,"This ValueSet constrains the allowable coded outcomes for documenting the **status of an AF/flutter assessment** within the stroke workflow.  **Primary use-case** - Bind to `Observation.valueCodeableConcept` in the `SpecificFindingObservationProfile` when `Observation.code` refers to AF/flutter as a finding focus. - Enables harmonized interpretation for analytics and decision support (e.g., anticoagulation pathway triggers) without forcing a Condition assertion.  **Scope and modeling notes** - This ValueSet expresses *assessment outcome/status* (detected/known/absent/not screened/unknown). - It does not replace Condition for diagnoses. When AF/flutter is confirmed as a diagnosis, represent it as a `Condition` with the appropriate SNOMED CT disorder code.",,"SCT"
http://tecnomod-um.org/ValueSet/assessment-context-vs,0.1.0,active,,AssessmentContextVS,Assessment Context ValueSet,"This ValueSet includes all phase/context codes from AssessmentContextCS.  **Primary use-case** - Required binding for elements that must indicate the clinical phase of an assessment (e.g., timing context extensions).","StructureDefinition/observation-timing-context-ext","Internal"
http://tecnomod-um.org/ValueSet/brain-imaging-modality-vs,0.1.0,active,,BrainImagingModalityVS,Brain Imaging Modality ValueSet,"Defines the SNOMED CT codes for individual brain imaging modalities performed as procedures.","StructureDefinition/stroke-brain-imaging-procedure-profile","SCT,Internal"
http://tecnomod-um.org/ValueSet/carotid-imaging-modality-vs,0.1.0,active,,CarotidImagingModalityVS,Carotid Arteries Imaging Modality ValueSet,"This ValueSet enumerates standardized codes (primarily SNOMED CT procedures) representing **carotid imaging modalities** used in stroke workflows.  **Primary use-case** - Bind to `Procedure.code` when recording a carotid imaging study performed during the stroke episode.",,"SCT"
http://tecnomod-um.org/ValueSet/discharge-dept-vs,0.1.0,active,,DischargeDeptVS,Discharge Department/Service ValueSet,"ValueSet specifying the type of department or service the patient was discharged or transferred to.","StructureDefinition/discharge-department-service-ext","Internal"
http://tecnomod-um.org/ValueSet/discharge-destination-vs,0.1.0,draft,,DischargeDestinationValueSet,Discharge Destination ValueSet,"Defines possible patient discharge destinations.",,"SCT"
http://tecnomod-um.org/ValueSet/functional-score-codes-vs,0.1.0,active,,FunctionalScoreCodesVS,Stroke Functional Score Codes ValueSet,"This ValueSet constrains `Observation.code` for functional outcome and severity instruments represented in this guide: - Modified Rankin Scale score (mRS) - NIH Stroke Scale total score (NIHSS)  **Primary use-case** - Bind to `Observation.code` in `FunctionalScoreObservationProfile`.  **Datatype expectations enforced via invariants** - mRS: `Observation.valueCodeableConcept` bound to MRsScoreVS (ordinal categories 0–6). - NIHSS: `Observation.valueInteger` as total NIHSS score.","StructureDefinition/functional-score-observation-profile","SCT"
http://tecnomod-um.org/ValueSet/hemorrhagic-stroke-bleeding-reason-vs,0.1.0,draft,,HemorrhagicStrokeBleedingReasonVS,Hemorrhagic Stroke Bleeding Reason ValueSet,"Specifies the identified cause of a hemorrhagic stroke, typically used with an extension.","StructureDefinition/hemorrhagic-stroke-bleeding-reason-ext","SCT,Internal"
http://tecnomod-um.org/ValueSet/initial-care-intensity-vs,0.1.0,active,,InitialCareIntensityVS,Initial Care Intensity ValueSet,"ValueSet indicating the level of care provided initially.","StructureDefinition/initial-care-intensity-ext","Internal"
http://tecnomod-um.org/ValueSet/medication-vs,0.1.0,draft,,MedicationVS,Medications ValueSet,"SNOMED CT codes for drug products or substances.","StructureDefinition/discharge-medication-request-profile,StructureDefinition/prior-medication-statement-profile","SCT,Internal"
http://tecnomod-um.org/ValueSet/mrs-score-vs,0.1.0,active,,MRsScoreVS,Modified Rankin Scale (mRS) Score ValueSet,"This ValueSet includes all mRS grades (0–6) defined in MRsScoreCS.  **Primary use-case** - Bind to `Observation.valueCodeableConcept` when `Observation.code` indicates the Observation represents an mRS score.","StructureDefinition/functional-score-observation-profile","Internal"
http://tecnomod-um.org/ValueSet/mtici-code-vs,0.1.0,active,,MTICICodeVS,Modified Thrombolysis in Cerebral Infarction Assessment ValueSet,"This ValueSet includes the mTICI assessment concept code(s) from MTICICodeCS.  **Primary use-case** - Bind to `Observation.code` when recording an mTICI reperfusion grade Observation. - Pair with `Observation.valueCodeableConcept` bound to MticiScoreVS.","ValueSet/stroke-finding-codes-vs","Internal"
http://tecnomod-um.org/ValueSet/mtici-score-vs,0.1.0,draft,,MTICIScoreValueSet,Modified Treatment in Cerebral Infarction Grade Score ValueSet,"This ValueSet enumerates all allowable Modified Treatment in Cerebral Infarction reperfusion grade values (0, 1, 2a, 2b, 2c, 3) from MticiScoreCS.  **Primary use-case** - Required binding to `Observation.valueCodeableConcept` when an Observation represents an mTICI grade outcome.  **Why a dedicated ValueSet** - Ensures consistent coding across implementations and sites. - Enables reliable registry reporting, audit/quality measurement, and research analytics.",,"Internal"
http://tecnomod-um.org/ValueSet/perforation-procedures-vs,0.1.0,draft,,PerforationProceduresValueset,Perforation Procedures ValueSet,"ValueSet restricting Procedure codes to stroke **reperfusion interventions**: - IV thrombolysis (IVT) - Mechanical thrombectomy (MT) ","StructureDefinition/stroke-mechanical-procedure-profile","SCT"
http://tecnomod-um.org/ValueSet/procedure-timing-context-vs,0.1.0,active,,ProcedureTimingContextVS,Procedure Timing Context ValueSet,"ValueSet limiting allowed values for the Procedure timing context extension (acute/post-acute/unknown).  **Use-case** - Required binding to ensure comparable phase classification across systems and sites.","StructureDefinition/procedure-timing-context-ext","Internal"
http://tecnomod-um.org/ValueSet/specific-finding-codes-vs,0.1.0,active,,SpecificFindingCodesVS,Specific Stroke Finding Codes ValueSet,"This ValueSet provides SNOMED CT disorder concepts for specific findings referenced in the stroke workup. Currently includes: - Atrial fibrillation (disorder) - Atrial flutter (disorder)  **Primary use-case** - Constrain `Observation.code` (as a *finding focus*) when using `SpecificFindingObservationProfile`.  **Important modeling note** - Using a disorder concept in `Observation.code` here does not necessarily assert a diagnosis; the diagnosis should be modeled as a Condition. - The Observation can be interpreted as “assessment about this finding,” with the result in `Observation.valueCodeableConcept` (e.g., AF status).","ValueSet/stroke-finding-codes-vs","SCT"
http://tecnomod-um.org/ValueSet/stroke-arrival-mode-vs,0.1.0,active,,StrokeArrivalModeVS,Stroke Arrival Mode ValueSet,"ValueSet specifying the mode and origin of the patient's arrival.","StructureDefinition/stroke-encounter-profile","Internal"
http://tecnomod-um.org/ValueSet/stroke-circumstance-codes-vs,0.1.0,active,,StrokeCircumstanceCodesVS,Stroke Circumstance Codes ValueSet,"This ValueSet includes all onset-circumstance codes from StrokeCircumstanceCodesCS.  **Primary use-case** - Required binding for `StrokeCircumstanceObservationProfile.code`.","StructureDefinition/stroke-circumstance-observation-profile","Internal"
http://tecnomod-um.org/ValueSet/stroke-diagnosis-vs,0.1.0,active,,StrokeDiagnosisVS,Stroke Diagnosis ValueSet,"SNOMED CT concepts representing final stroke-related diagnoses intended for use in Condition.code (and similar elements) within this IG. The scope covers ischemic stroke, intracerebral hemorrhage, subarachnoid hemorrhage, cerebral venous thrombosis, and transient ischemic attack (TIA). This value set is designed to support consistent capture, validation, analytics, and decision support. Implementers should expand against a terminology server using the appropriate SNOMED CT edition/version and preferred language(s) for display. Localizations or national derivatives MAY provide additional designations without altering the canonical definition. This value set is not intended for history-of, screening, or procedural concepts.","StructureDefinition/stroke-diagnosis-condition-profile","SCT"
http://tecnomod-um.org/ValueSet/stroke-discharge-destination-vs,0.1.0,active,,StrokeDischargeDestinationVS,Stroke Discharge Destination ValueSet,"Defines the possible destinations of the patient upon discharge from the encounter.","StructureDefinition/stroke-encounter-profile","SCT,Internal"
http://tecnomod-um.org/ValueSet/stroke-etiology-vs,0.1.0,draft,,StrokeEtiologyVS,Stroke Etiology ValueSet,"Specifies the determined etiology of an stroke.","StructureDefinition/ischemic-stroke-etiology-ext","SCT,Internal"
http://tecnomod-um.org/ValueSet/stroke-finding-codes-vs,0.1.0,active,,StrokeFindingCodesVS,Specific Stroke Finding Codes ValueSet,"This ValueSet aggregates coded Observation.code concepts used by `SpecificFindingObservationProfile`.  It currently includes: - Specific disorder concepts used as a finding focus (SpecificFindingCodesVS), and - The mTICI assessment concept (MTICICodeVS).  **How to interpret usage** - If `Observation.code` is a disorder concept (e.g., AF), the Observation should be interpreted as an assessment about that finding,   with the result/status carried in `Observation.valueCodeableConcept` (e.g., AfibFlutterStatusVS). - If `Observation.code` is an assessment concept (e.g., mTICI), `Observation.valueCodeableConcept` carries the score (MticiScoreVS).","StructureDefinition/specific-finding-observation-profile",
http://tecnomod-um.org/ValueSet/stroke-proc-not-done-reason-vs,0.1.0,active,,StrokeProcNotDoneReasonVS,Stroke Procedure Not Done Reason ValueSet,"ValueSet containing the controlled vocabulary of reasons for `Procedure.statusReason` when a stroke procedure is `not-done`. ","StructureDefinition/stroke-mechanical-procedure-profile,StructureDefinition/stroke-carotid-imaging-procedure-profile,StructureDefinition/stroke-brain-imaging-procedure-profile,StructureDefinition/stroke-swallow-procedure-profile","Internal"
http://tecnomod-um.org/ValueSet/stroke-risk-factor-vs,0.1.0,active,,StrokeRiskFactorValueSet,Stroke Risk Factor ValueSet,"Defines the SNOMED CT codes for conditions or risk factors relevant to stroke, including an option for unknown status.","StructureDefinition/stroke-risk-factor-condition-profile","SCT"
http://tecnomod-um.org/ValueSet/swallow-procedures-vs,0.1.0,draft,,SwallowProceduresValueset,Swallow Procedures ValueSet,"ValueSet enumerating swallowing screening/assessment procedures/tools used in stroke care.  **Implementation note** - `SCT#261665006 'Unknown'´ is included only as a provisional development workaround; in production, prefer FHIR `dataAbsentReason` for missing data rather than “Unknown” as a procedure code.","StructureDefinition/stroke-swallow-procedure-profile","SCT,Internal"
http://tecnomod-um.org/ValueSet/swallowing-screening-timing-category-vs,0.1.0,active,,SwallowingScreeningTimingCategoryVS,Swallowing Screening Timing Category ValueSet,"ValueSet defining allowed categories for swallowing screening timing, combining: - local categories (e.g., within 4 hours), and - SNOMED CT qualifier concepts for post-admission timing.  **Use-case** - Required binding for the swallowing timing extension.","StructureDefinition/swallowing-screening-timing-category-ext","SCT,Internal"
http://tecnomod-um.org/ValueSet/thrombectomy-complication-vs,0.1.0,active,,ThrombectomyComplicationVS,Thrombectomy Complications ValueSet," ValueSet of SNOMED CT concepts representing complications of thrombectomy as clinical conditions.  **Primary use-case** - Bind `Procedure.complication` (or the referenced Condition.code) to a SNOMED-based set for interoperability. ",,"SCT,Internal"
http://tecnomod-um.org/ValueSet/timing-metric-codes-vs,0.1.0,active,,TimingMetricCodesVS,Stroke Timing Metric Codes ValueSet,"This ValueSet includes all timing metric codes from TimingMetricCodesCS.  **Primary use-case** - Required binding for `TimingMetricObservationProfile.code` to ensure only approved metrics are captured.","StructureDefinition/timing-metric-observation-profile","Internal"
http://tecnomod-um.org/ValueSet/vital-sign-codes-vs,0.1.0,active,,VitalSignCodesVS,Stroke Vital Sign Codes ValueSet,"This ValueSet defines SNOMED CT observable-entity codes for blood pressure components captured as vital signs: - Systolic blood pressure - Diastolic blood pressure  **Primary use-case** - Bind to `Observation.component.code` in a single blood pressure Observation that records both components.  **Implementation guidance** - Use `Observation.component.valueQuantity` with UCUM `mm[Hg]`. - Repeat the Observation across time with different `effective[x]` timestamps for monitoring.","StructureDefinition/vital-sign-observation-profile","SCT"
http://tecnomod-um.org/ValueSet/vs-gender-snomed,0.1.0,active,,GenderSNOMEDVS,Gender (SNOMED CT),"Value set to represent patient gender using SNOMED CT codes, analogous to AdministrativeGender.","StructureDefinition/gender-snomed-ext","SCT"
