<?xml version="1.0" encoding="UTF-8"?>

<Observation xmlns="http://hl7.org/fhir">
  <id value="AgeAtOnsetObservationExample"/>
  <meta>
    <profile value="http://tecnomod-um.org/StructureDefinition/age-at-onset-observation-profile"/>
  </meta>
  <text>
    <status value="generated"/><div xmlns="http://www.w3.org/1999/xhtml"><p><b>Example:</b> Age at stroke onset recorded as 65 years, linked to the stroke encounter.</p></div>
  </text>
  <status value="final"/>
  <code>
    <coding>
      <system value="http://snomed.info/sct"/>
      <code value="445518008"/>
      <display value="Age at onset of clinical finding (observable entity)"/>
    </coding>
  </code>
  <subject>
    <reference value="Patient/example-patient"/>
  </subject>
  <encounter>
    <reference value="Encounter/StrokeEncounterExample"/>
  </encounter>
  <valueInteger value="65"/>
</Observation>