<?xml version="1.0" encoding="UTF-8"?>

<Procedure xmlns="http://hl7.org/fhir">
  <id value="StrokeCarotidImagingExample"/>
  <meta>
    <profile value="http://tecnomod-um.org/StructureDefinition/stroke-carotid-imaging-procedure-profile"/>
  </meta>
  <text>
    <status value="extensions"/><div xmlns="http://www.w3.org/1999/xhtml"><p class="res-header-id"><b>Generated Narrative: Procedure StrokeCarotidImagingExample</b></p><a name="StrokeCarotidImagingExample"> </a><a name="hcStrokeCarotidImagingExample"> </a><div style="display: inline-block; background-color: #d9e0e7; padding: 6px; margin: 4px; border: 1px solid #8da1b4; border-radius: 5px; line-height: 60%"><p style="margin-bottom: 0px"/><p style="margin-bottom: 0px">Profile: <a href="StructureDefinition-stroke-carotid-imaging-procedure-profile.html">Stroke Carotid Imaging Procedure Profile</a></p></div><p><b>Procedure Timing Context Extension</b>: <span title="Codes:{http://tecnomod-um.org/CodeSystem/procedure-timing-context-cs post-acute}">Post-Acute Phase (&gt;=24h)</span></p><p><b>status</b>: Not Done</p><p><b>statusReason</b>: <span title="Codes:{http://tecnomod-um.org/CodeSystem/stroke-proc-not-done-reason-cs unknown}">Reason Unknown</span></p><p><b>code</b>: <span title="Codes:{http://snomed.info/sct 58920005}">Angiography of carotid artery (procedure)</span></p><p><b>subject</b>: <a href="Patient-example-patient.html">Anonymous Patient (no stated gender), DoB Unknown</a></p><p><b>occurrence</b>: 2025-03-01 10:00:00+0000 --&gt; 2025-03-01 10:30:00+0000</p></div>
  </text>
  <extension url="http://tecnomod-um.org/StructureDefinition/procedure-timing-context-ext">
    <valueCodeableConcept>
      <coding>
        <system value="http://tecnomod-um.org/CodeSystem/procedure-timing-context-cs"/>
        <code value="post-acute"/>
        <display value="Post-Acute Phase (&gt;=24h)"/>
      </coding>
    </valueCodeableConcept>
  </extension>
  <status value="not-done"/>
  <statusReason>
    <coding>
      <system value="http://tecnomod-um.org/CodeSystem/stroke-proc-not-done-reason-cs"/>
      <code value="unknown"/>
      <display value="Reason Unknown"/>
    </coding>
  </statusReason>
  <code>
    <coding>
      <system value="http://snomed.info/sct"/>
      <code value="58920005"/>
      <display value="Angiography of carotid artery (procedure)"/>
    </coding>
  </code>
  <subject>
    <reference value="Patient/example-patient"/>
  </subject>
  <occurrencePeriod>
    <start value="2025-03-01T10:00:00Z"/>
    <end value="2025-03-01T10:30:00Z"/>
  </occurrencePeriod>
</Procedure>