<?xml version="1.0" encoding="UTF-8"?><CodeSystem xmlns="http://hl7.org/fhir"><id value="thrombectomy-complication-cs"/><text><status value="generated"/><div xmlns="http://www.w3.org/1999/xhtml"><p class="res-header-id"><b>Generated Narrative: CodeSystem thrombectomy-complication-cs</b></p><a name="thrombectomy-complication-cs"> </a><a name="hcthrombectomy-complication-cs"> </a><p>This  code system <code>http://tecnomod-um.org/CodeSystem/thrombectomy-complication-cs</code> defines the following code:</p><table class="codes"><tr><td style="white-space:nowrap"><b>Code</b></td><td><b>Display</b></td><td><b>Definition</b></td></tr><tr><td style="white-space:nowrap">perforation<a name="thrombectomy-complication-cs-perforation"> </a></td><td>Vessel Perforation</td><td>Vessel perforation occurred during the mechanical thrombectomy</td></tr></table></div></text><url value="http://tecnomod-um.org/CodeSystem/thrombectomy-complication-cs"/><version value="0.1.0"/><name value="ThrombectomyComplicationCS"/><title value="Thrombectomy Complication CodeSystem"/><status value="active"/><date value="2026-02-19T14:52:32+00:00"/><publisher value="UMU"/><contact><name value="UMU"/><telecom><system value="url"/><value value="http://tecnomod-um.org"/></telecom></contact><description value="Local CodeSystem for complications occurring during mechanical thrombectomy.&#xA;&#xA;**When to use**&#xA;- If you need a controlled internal vocabulary for adverse events/complications, especially when upstream systems do not provide SNOMED-coded diagnoses.&#xA;&#xA;**How it is used in FHIR R5**&#xA;- Usually referenced from `Procedure.complication` which is a `CodeableReference(Condition)` in R5.&#xA;- You may represent the complication as a `Condition` (preferred), and/or record a code directly depending on your implementation pattern.&#xA;&#xA;**Why it exists**&#xA;- Supports minimum-set reporting across sites and enables consistent quality/safety analytics."/><content value="complete"/><count value="1"/><concept><code value="perforation"/><display value="Vessel Perforation"/><definition value="Vessel perforation occurred during the mechanical thrombectomy"/><designation><use><system value="http://terminology.hl7.org/CodeSystem/hl7TermMaintInfra"/><code value="preferredForLanguage"/></use><value value="Vessel Perforation"/></designation></concept></CodeSystem>