<?xml version="1.0" encoding="UTF-8"?><CodeSystem xmlns="http://hl7.org/fhir"><id value="assessment-context-cs"/><text><status value="generated"/><div xmlns="http://www.w3.org/1999/xhtml"><p class="res-header-id"><b>Generated Narrative: CodeSystem assessment-context-cs</b></p><a name="assessment-context-cs"> </a><a name="hcassessment-context-cs"> </a><p>This case-insensitive code system <code>http://tecnomod-um.org/CodeSystem/assessment-context-cs</code> defines the following codes:</p><table class="codes"><tr><td style="white-space:nowrap"><b>Code</b></td><td><b>Display</b></td><td><b>Definition</b></td></tr><tr><td style="white-space:nowrap">pre-stroke<a name="assessment-context-cs-pre-stroke"> </a></td><td>Pre-stroke</td><td>Assessment reflects the patient’s baseline state prior to the index stroke event (pre-morbid status), typically derived from history or collateral information.</td></tr><tr><td style="white-space:nowrap">admission<a name="assessment-context-cs-admission"> </a></td><td>Admission</td><td>Assessment performed at, or shortly after, presentation/admission for the index stroke event (acute phase baseline for in-hospital care).</td></tr><tr><td style="white-space:nowrap">discharge<a name="assessment-context-cs-discharge"> </a></td><td>Discharge</td><td>Assessment performed at the time of discharge from the acute admission (or the end of the index hospitalization episode).</td></tr><tr><td style="white-space:nowrap">3-month<a name="assessment-context-cs-3-month"> </a></td><td>3-Month Follow-up</td><td>Assessment performed at approximately 3 months (≈90 days) after discharge/index event, acknowledging operational windows used in routine follow-up and research.</td></tr></table></div></text><url value="http://tecnomod-um.org/CodeSystem/assessment-context-cs"/><version value="1.0.0"/><name value="AssessmentContextCS"/><title value="Assessment Context Code System"/><status value="active"/><experimental value="true"/><date value="2026-02-20T10:31:35+00:00"/><publisher value="UMU"/><contact><name value="UMU"/><telecom><system value="url"/><value value="http://tecnomod-um.org"/></telecom></contact><description value="This CodeSystem defines normalized codes for the **clinical context / relative timepoint** at which a stroke-related assessment is performed.&#xA;It is primarily used to contextualize instruments whose interpretation depends on phase (e.g., mRS/NIHSS at baseline vs discharge vs follow-up).&#xA;&#xA;**Primary use-case**&#xA;- Use as the value in `ObservationTimingContextExtension.valueCodeableConcept` to label the phase of an assessment.&#xA;&#xA;**How it complements effective[x]**&#xA;- `Observation.effective[x]` records the actual date/time (when known).&#xA;- This CodeSystem records the standardized phase label used for reporting and comparability.&#xA;&#xA;**Why this is needed**&#xA;- Many workflows report outcomes by phase even when the exact timestamp is unknown or operationally variable (“mRS at 90 days”)."/><caseSensitive value="false"/><content value="complete"/><count value="4"/><concept><code value="pre-stroke"/><display value="Pre-stroke"/><definition value="Assessment reflects the patient’s baseline state prior to the index stroke event (pre-morbid status), typically derived from history or collateral information."/><designation><use><system value="http://terminology.hl7.org/CodeSystem/hl7TermMaintInfra"/><code value="preferredForLanguage"/></use><value value="Pre-stroke"/></designation></concept><concept><code value="admission"/><display value="Admission"/><definition value="Assessment performed at, or shortly after, presentation/admission for the index stroke event (acute phase baseline for in-hospital care)."/><designation><use><system value="http://terminology.hl7.org/CodeSystem/hl7TermMaintInfra"/><code value="preferredForLanguage"/></use><value value="Admission"/></designation></concept><concept><code value="discharge"/><display value="Discharge"/><definition value="Assessment performed at the time of discharge from the acute admission (or the end of the index hospitalization episode)."/><designation><use><system value="http://terminology.hl7.org/CodeSystem/hl7TermMaintInfra"/><code value="preferredForLanguage"/></use><value value="Discharge"/></designation></concept><concept><code value="3-month"/><display value="3-Month Follow-up"/><definition value="Assessment performed at approximately 3 months (≈90 days) after discharge/index event, acknowledging operational windows used in routine follow-up and research."/><designation><use><system value="http://terminology.hl7.org/CodeSystem/hl7TermMaintInfra"/><code value="preferredForLanguage"/></use><value value="3-Month Follow-up"/></designation></concept></CodeSystem>