<?xml version="1.0" encoding="UTF-8"?><CodeSystem xmlns="http://hl7.org/fhir"><id value="medication-cs"/><text><status value="generated"/><div xmlns="http://www.w3.org/1999/xhtml"><p class="res-header-id"><b>Generated Narrative: CodeSystem medication-cs</b></p><a name="medication-cs"> </a><a name="hcmedication-cs"> </a><p>This  code system <code>http://tecnomod-um.org/CodeSystem/medication-cs</code> defines the following codes:</p><table class="codes"><tr><td style="white-space:nowrap"><b>Code</b></td><td><b>Display</b></td><td><b>Definition</b></td></tr><tr><td style="white-space:nowrap">other-anticoagulant<a name="medication-cs-other-anticoagulant"> </a></td><td>Other Anticoagulant</td><td>Any anticoagulant medication</td></tr><tr><td style="white-space:nowrap">antiplatelet<a name="medication-cs-antiplatelet"> </a></td><td>Any Antiplatelet</td><td>Any antiplatelet medication</td></tr><tr><td style="white-space:nowrap">antidiabetic<a name="medication-cs-antidiabetic"> </a></td><td>Any Antidiabetic</td><td>Any antidiabetic medication</td></tr><tr><td style="white-space:nowrap">other<a name="medication-cs-other"> </a></td><td>Other Medication</td><td>A medication other than those specifically listed was prescribed at discharge</td></tr></table></div></text><url value="http://tecnomod-um.org/CodeSystem/medication-cs"/><version value="1.0.0"/><name value="MedicationCS"/><title value="Discharge Medication Category CodeSystem"/><status value="draft"/><date value="2026-02-20T09:50:49+00:00"/><publisher value="UMU"/><contact><name value="UMU"/><telecom><system value="url"/><value value="http://tecnomod-um.org"/></telecom></contact><description value="Local CodeSystem providing **coarse medication categories** used in discharge prescribing when the source system cannot&#xA;(or does not) provide a specific coded drug product/substance.&#xA;&#xA;**Primary use-cases**&#xA;- Minimum-data capture for discharge medication classes relevant to stroke secondary prevention (e.g., anticoagulant vs antiplatelet).&#xA;- Registry reporting where only “medication class prescribed at discharge” is available.&#xA;- Analytics and quality indicators (e.g., “antithrombotic at discharge”) when specific agent is unknown.&#xA;&#xA;**How it is used in FHIR**&#xA;- Included in `MedicationVS` so it can be used in `MedicationRequest.medication` (CodeableConcept).&#xA;"/><content value="complete"/><count value="4"/><concept><code value="other-anticoagulant"/><display value="Other Anticoagulant"/><definition value="Any anticoagulant medication"/><designation><use><system value="http://terminology.hl7.org/CodeSystem/hl7TermMaintInfra"/><code value="preferredForLanguage"/></use><value value="Other Anticoagulant"/></designation></concept><concept><code value="antiplatelet"/><display value="Any Antiplatelet"/><definition value="Any antiplatelet medication"/><designation><use><system value="http://terminology.hl7.org/CodeSystem/hl7TermMaintInfra"/><code value="preferredForLanguage"/></use><value value="Any Antiplatelet"/></designation></concept><concept><code value="antidiabetic"/><display value="Any Antidiabetic"/><definition value="Any antidiabetic medication"/><designation><use><system value="http://terminology.hl7.org/CodeSystem/hl7TermMaintInfra"/><code value="preferredForLanguage"/></use><value value="Any Antidiabetic"/></designation></concept><concept><code value="other"/><display value="Other Medication"/><definition value="A medication other than those specifically listed was prescribed at discharge"/><designation><use><system value="http://terminology.hl7.org/CodeSystem/hl7TermMaintInfra"/><code value="preferredForLanguage"/></use><value value="Other Medication"/></designation></concept></CodeSystem>