<?xml version="1.0" encoding="UTF-8"?><CodeSystem xmlns="http://hl7.org/fhir"><id value="swallow-procedures-cs"/><text><status value="generated"/><div xmlns="http://www.w3.org/1999/xhtml"><p class="res-header-id"><b>Generated Narrative: CodeSystem swallow-procedures-cs</b></p><a name="swallow-procedures-cs"> </a><a name="hcswallow-procedures-cs"> </a><p>This  code system <code>http://tecnomod-um.org/CodeSystem/swallow-procedures-cs</code> defines the following codes:</p><table class="codes"><tr><td style="white-space:nowrap"><b>Code</b></td><td><b>Display</b></td><td><b>Definition</b></td></tr><tr><td style="white-space:nowrap">assist<a name="swallow-procedures-cs-assist"> </a></td><td>ASSIST</td><td>Assisted Swallowing Test (ASSIST)</td></tr><tr><td style="white-space:nowrap">other<a name="swallow-procedures-cs-other"> </a></td><td>Other Swallow Procedure</td><td>Other specified swallowing assessment procedure</td></tr><tr><td style="white-space:nowrap">v-vst<a name="swallow-procedures-cs-v-vst"> </a></td><td>V-VST</td><td>Volume-Viscosity Swallow Test (V-VST)</td></tr></table></div></text><url value="http://tecnomod-um.org/CodeSystem/swallow-procedures-cs"/><version value="1.0.0"/><name value="SwallowProceduresCS"/><title value="Swallow Procedures CodeSystem"/><status value="active"/><date value="2026-02-20T10:31:35+00:00"/><publisher value="UMU"/><contact><name value="UMU"/><telecom><system value="url"/><value value="http://tecnomod-um.org"/></telecom></contact><description value="Local CodeSystem representing swallowing screening/assessment tools often documented by acronym or local naming.&#xA;&#xA;**FHIR placement**&#xA;- Included in `SwallowProceduresVS` to be used in `Procedure.code` "/><content value="complete"/><count value="3"/><concept><code value="assist"/><display value="ASSIST"/><definition value="Assisted Swallowing Test (ASSIST)"/><designation><use><system value="http://terminology.hl7.org/CodeSystem/hl7TermMaintInfra"/><code value="preferredForLanguage"/></use><value value="ASSIST"/></designation></concept><concept><code value="other"/><display value="Other Swallow Procedure"/><definition value="Other specified swallowing assessment procedure"/><designation><use><system value="http://terminology.hl7.org/CodeSystem/hl7TermMaintInfra"/><code value="preferredForLanguage"/></use><value value="Other Swallow Procedure"/></designation></concept><concept><code value="v-vst"/><display value="V-VST"/><definition value="Volume-Viscosity Swallow Test (V-VST)"/><designation><use><system value="http://terminology.hl7.org/CodeSystem/hl7TermMaintInfra"/><code value="preferredForLanguage"/></use><value value="V-VST"/></designation></concept></CodeSystem>