<?xml version="1.0" encoding="UTF-8"?><CodeSystem xmlns="http://hl7.org/fhir"><id value="stroke-circumstance-codes-cs"/><text><status value="generated"/><div xmlns="http://www.w3.org/1999/xhtml"><p class="res-header-id"><b>Generated Narrative: CodeSystem stroke-circumstance-codes-cs</b></p><a name="stroke-circumstance-codes-cs"> </a><a name="hcstroke-circumstance-codes-cs"> </a><p>This  code system <code>http://tecnomod-um.org/CodeSystem/stroke-circumstance-codes-cs</code> defines the following codes:</p><table class="codes"><tr><td style="white-space:nowrap"><b>Code</b></td><td><b>Display</b></td><td><b>Definition</b></td></tr><tr><td style="white-space:nowrap">in-hospital<a name="stroke-circumstance-codes-cs-in-hospital"> </a></td><td>In-hospital Stroke</td><td>Indicates that stroke onset occurred while the patient was already admitted to the hospital for another reason (inpatient onset).</td></tr><tr><td style="white-space:nowrap">wake-up<a name="stroke-circumstance-codes-cs-wake-up"> </a></td><td>Wake-up Stroke</td><td>Indicates that stroke symptoms were first recognized on awakening from sleep, implying an unknown onset time within the sleep interval (time last known well precedes symptom recognition).</td></tr></table></div></text><url value="http://tecnomod-um.org/CodeSystem/stroke-circumstance-codes-cs"/><version value="1.0.0"/><name value="StrokeCircumstanceCodesCS"/><title value="Stroke Circumstance Codes CodeSystem"/><status value="active"/><date value="2026-02-20T10:05:07+00:00"/><publisher value="UMU"/><contact><name value="UMU"/><telecom><system value="url"/><value value="http://tecnomod-um.org"/></telecom></contact><description value="This CodeSystem defines coded circumstances related to stroke symptom onset that are clinically relevant when onset time is unknown or atypical.&#xA;&#xA;**Primary use-case**&#xA;- Use as `Observation.code` in `StrokeCircumstanceObservationProfile`.&#xA;- Presence of the Observation asserts that the circumstance applies to the index stroke event."/><content value="complete"/><count value="2"/><concept><code value="in-hospital"/><display value="In-hospital Stroke"/><definition value="Indicates that stroke onset occurred while the patient was already admitted to the hospital for another reason (inpatient onset)."/><designation><use><system value="http://terminology.hl7.org/CodeSystem/hl7TermMaintInfra"/><code value="preferredForLanguage"/></use><value value="In-hospital Stroke"/></designation></concept><concept><code value="wake-up"/><display value="Wake-up Stroke"/><definition value="Indicates that stroke symptoms were first recognized on awakening from sleep, implying an unknown onset time within the sleep interval (time last known well precedes symptom recognition)."/><designation><use><system value="http://terminology.hl7.org/CodeSystem/hl7TermMaintInfra"/><code value="preferredForLanguage"/></use><value value="Wake-up Stroke"/></designation></concept></CodeSystem>