<?xml version="1.0" encoding="UTF-8"?><CodeSystem xmlns="http://hl7.org/fhir"><id value="mtici-code-cs"/><text><status value="generated"/><div xmlns="http://www.w3.org/1999/xhtml"><p class="res-header-id"><b>Generated Narrative: CodeSystem mtici-code-cs</b></p><a name="mtici-code-cs"> </a><a name="hcmtici-code-cs"> </a><p>This case-insensitive code system <code>http://tecnomod-um.org/CodeSystem/mtici-code-cs</code> defines the following code:</p><table class="codes"><tr><td style="white-space:nowrap"><b>Code</b></td><td><b>Definition</b></td></tr><tr><td style="white-space:nowrap">mTICI<a name="mtici-code-cs-mTICI"> </a></td><td>Assessment concept representing the modified Thrombolysis in Cerebral Infarction reperfusion grade to be reported as an Observation value.</td></tr></table></div></text><url value="http://tecnomod-um.org/CodeSystem/mtici-code-cs"/><version value="1.0.0"/><name value="MTICICodeCS"/><title value="Modified Thrombolysis in Cerebral Infarction Assessment CodeSystem"/><status value="active"/><experimental value="true"/><date value="2026-02-20T09:50:49+00:00"/><publisher value="UMU"/><contact><name value="UMU"/><telecom><system value="url"/><value value="http://tecnomod-um.org"/></telecom></contact><description value="This CodeSystem defines the *assessment concept code* used to indicate that an Observation is reporting an mTICI reperfusion grade.&#xA;&#xA;**Design pattern**&#xA;- `Observation.code` identifies the kind of assessment (“mTICI reperfusion grade”).&#xA;- `Observation.valueCodeableConcept` carries the result (one of the grades in MticiScoreVS)."/><caseSensitive value="false"/><content value="complete"/><count value="1"/><concept><code value="mTICI"/><display value="mTICI"/><definition value="Assessment concept representing the modified Thrombolysis in Cerebral Infarction reperfusion grade to be reported as an Observation value."/><designation><use><system value="http://terminology.hl7.org/CodeSystem/hl7TermMaintInfra"/><code value="preferredForLanguage"/></use><value value="mTICI"/></designation><designation><use><system value="http://terminology.hl7.org/CodeSystem/hl7TermMaintInfra"/><code value="preferredForLanguage"/></use><value value="mTICI"/></designation></concept></CodeSystem>