<?xml version="1.0" encoding="UTF-8"?><CodeSystem xmlns="http://hl7.org/fhir"><id value="brain-imaging-type-cs"/><text><status value="generated"/><div xmlns="http://www.w3.org/1999/xhtml"><p class="res-header-id"><b>Generated Narrative: CodeSystem brain-imaging-type-cs</b></p><a name="brain-imaging-type-cs"> </a><a name="hcbrain-imaging-type-cs"> </a><p>This  code system <code>http://tecnomod-um.org/CodeSystem/brain-imaging-type-cs</code> defines the following codes:</p><table class="codes"><tr><td style="white-space:nowrap"><b>Code</b></td><td><b>Display</b></td><td><b>Definition</b></td></tr><tr><td style="white-space:nowrap">ct-cta<a name="brain-imaging-type-cs-ct-cta"> </a></td><td>CT-CTA</td><td>CT + CT Angiography. Use when recorded as a combined protocol and not decomposed into separate procedure entries.</td></tr><tr><td style="white-space:nowrap">ct-cta-perfusion<a name="brain-imaging-type-cs-ct-cta-perfusion"> </a></td><td>CT-CTA and Perfusion</td><td>CT + CTA + CT Perfusion. Often used for penumbra/mismatch-based selection in acute stroke.</td></tr><tr><td style="white-space:nowrap">mr-dwi-flair<a name="brain-imaging-type-cs-mr-dwi-flair"> </a></td><td>MR DWI-FLAIR</td><td>MRI with DWI and/or FLAIR. Supports imaging-based estimates of lesion age and tissue characterization.</td></tr><tr><td style="white-space:nowrap">mr-dwi-flair-mra<a name="brain-imaging-type-cs-mr-dwi-flair-mra"> </a></td><td>MR DWI-FLAIR and MRA</td><td>MRI (DWI/FLAIR) + MRA. Represents combined parenchymal and vascular assessment.</td></tr><tr><td style="white-space:nowrap">mr-dwi-flair-mra-perfusion<a name="brain-imaging-type-cs-mr-dwi-flair-mra-perfusion"> </a></td><td>MR DWI-FLAIR, MRA, and Perfusion</td><td>MRI (DWI/FLAIR) + MRA + perfusion. Represents advanced tissue and vessel evaluation.</td></tr></table></div></text><url value="http://tecnomod-um.org/CodeSystem/brain-imaging-type-cs"/><version value="0.1.0"/><name value="BrainImagingTypeCS"/><title value="Brain Imaging Type Code System"/><status value="active"/><date value="2026-02-20T08:43:58+00:00"/><publisher value="UMU"/><contact><name value="UMU"/><telecom><system value="url"/><value value="http://tecnomod-um.org"/></telecom></contact><description value="Codes specifying the type of brain imaging performed (e.g., CT, MRI)."/><content value="complete"/><count value="5"/><concept><code value="ct-cta"/><display value="CT-CTA"/><definition value="CT + CT Angiography. Use when recorded as a combined protocol and not decomposed into separate procedure entries."/><designation><use><system value="http://terminology.hl7.org/CodeSystem/hl7TermMaintInfra"/><code value="preferredForLanguage"/></use><value value="CT-CTA"/></designation></concept><concept><code value="ct-cta-perfusion"/><display value="CT-CTA and Perfusion"/><definition value="CT + CTA + CT Perfusion. Often used for penumbra/mismatch-based selection in acute stroke."/><designation><use><system value="http://terminology.hl7.org/CodeSystem/hl7TermMaintInfra"/><code value="preferredForLanguage"/></use><value value="CT-CTA and Perfusion"/></designation></concept><concept><code value="mr-dwi-flair"/><display value="MR DWI-FLAIR"/><definition value="MRI with DWI and/or FLAIR. Supports imaging-based estimates of lesion age and tissue characterization."/><designation><use><system value="http://terminology.hl7.org/CodeSystem/hl7TermMaintInfra"/><code value="preferredForLanguage"/></use><value value="MR DWI-FLAIR"/></designation></concept><concept><code value="mr-dwi-flair-mra"/><display value="MR DWI-FLAIR and MRA"/><definition value="MRI (DWI/FLAIR) + MRA. Represents combined parenchymal and vascular assessment."/><designation><use><system value="http://terminology.hl7.org/CodeSystem/hl7TermMaintInfra"/><code value="preferredForLanguage"/></use><value value="MR DWI-FLAIR and MRA"/></designation></concept><concept><code value="mr-dwi-flair-mra-perfusion"/><display value="MR DWI-FLAIR, MRA, and Perfusion"/><definition value="MRI (DWI/FLAIR) + MRA + perfusion. Represents advanced tissue and vessel evaluation."/><designation><use><system value="http://terminology.hl7.org/CodeSystem/hl7TermMaintInfra"/><code value="preferredForLanguage"/></use><value value="MR DWI-FLAIR, MRA, and Perfusion"/></designation></concept></CodeSystem>