<?xml version="1.0" encoding="UTF-8"?><CodeSystem xmlns="http://hl7.org/fhir"><id value="mtici-score-cs"/><text><status value="generated"/><div xmlns="http://www.w3.org/1999/xhtml"><p class="res-header-id"><b>Generated Narrative: CodeSystem mtici-score-cs</b></p><a name="mtici-score-cs"> </a><a name="hcmtici-score-cs"> </a><p>This case-insensitive code system <code>http://tecnomod-um.org/CodeSystem/mtici-score-cs</code> defines the following codes:</p><table class="codes"><tr><td style="white-space:nowrap"><b>Code</b></td><td><b>Display</b></td><td><b>Definition</b></td></tr><tr><td style="white-space:nowrap">0<a name="mtici-score-cs-0"> </a></td><td>Grade 0: No perfusion</td><td>No antegrade flow beyond the occlusion; no angiographic reperfusion of the downstream territory attributable to the treated vessel.</td></tr><tr><td style="white-space:nowrap">1<a name="mtici-score-cs-1"> </a></td><td>Grade 1: Antegrade reperfusion past the initial occlusion, but limited distal branch filling with little or slow distal reperfusion</td><td>Minimal reperfusion: contrast passes the original occlusion with limited distal branch opacification and little or delayed tissue-level reperfusion.</td></tr><tr><td style="white-space:nowrap">2a<a name="mtici-score-cs-2a"> </a></td><td>Grade 2a: Antegrade reperfusion of less than half of the occluded target artery previously ischemic territory</td><td>Partial reperfusion of &lt;50% of the downstream ischemic territory supplied by the previously occluded target artery.</td></tr><tr><td style="white-space:nowrap">2b<a name="mtici-score-cs-2b"> </a></td><td>Grade 2b: Antegrade reperfusion of more than half of the previously occluded target artery ischemic territory</td><td>Substantial reperfusion of ≥50% of the downstream ischemic territory supplied by the previously occluded target artery.</td></tr><tr><td style="white-space:nowrap">2c<a name="mtici-score-cs-2c"> </a></td><td>Grade 2c: Near complete perfusion except for slow flow or distal emboli in a few distal cortical vessels</td><td>Near-complete reperfusion with only minor residual deficits, typically due to slow flow and/or small distal emboli affecting a limited number of distal cortical vessels.</td></tr><tr><td style="white-space:nowrap">3<a name="mtici-score-cs-3"> </a></td><td>Grade 3: Complete antegrade reperfusion of the previously occluded target artery ischemic territory, with absence of visualized occlusion in all distal branches</td><td>Complete reperfusion of the downstream ischemic territory with normal/near-normal antegrade flow and no visualized occlusion in distal branches of the treated vascular territory.</td></tr></table></div></text><url value="http://tecnomod-um.org/CodeSystem/mtici-score-cs"/><version value="0.1.0"/><name value="MticiScoreCS"/><title value="Modified Treatment in Cerebral Infarction Grade Score CodeSystem"/><status value="draft"/><experimental value="true"/><date value="2025-03-31"/><publisher value="UMU"/><contact><name value="UMU"/><telecom><system value="url"/><value value="http://tecnomod-um.org"/></telecom></contact><description value="This CodeSystem defines the **modified Thrombolysis in Cerebral Infarction (mTICI)** reperfusion grade values.&#xA;mTICI is an ordinal angiographic scale used to quantify the extent of reperfusion after endovascular therapy for acute ischemic stroke.&#xA;&#xA;**Primary use-case**&#xA;- Use as the coded result in `Observation.valueCodeableConcept` (bound via MticiScoreVS) when recording the *final angiographic reperfusion grade*.&#xA;&#xA;**Modeling notes**&#xA;- Represents the *final* reperfusion grade for the downstream ischemic territory (typically adjudicated from the final angiographic run).&#xA;- Does not encode target vessel, device/technique, number of passes, timestamps, or adjudication workflow; capture those via Procedure, ImagingStudy, Observation.method, or additional Observations/Provenance."/><caseSensitive value="false"/><content value="complete"/><count value="6"/><concept><code value="0"/><display value="Grade 0: No perfusion"/><definition value="No antegrade flow beyond the occlusion; no angiographic reperfusion of the downstream territory attributable to the treated vessel."/><designation><use><system value="http://terminology.hl7.org/CodeSystem/hl7TermMaintInfra"/><code value="preferredForLanguage"/></use><value value="Grade 0: No perfusion"/></designation></concept><concept><code value="1"/><display value="Grade 1: Antegrade reperfusion past the initial occlusion, but limited distal branch filling with little or slow distal reperfusion"/><definition value="Minimal reperfusion: contrast passes the original occlusion with limited distal branch opacification and little or delayed tissue-level reperfusion."/><designation><use><system value="http://terminology.hl7.org/CodeSystem/hl7TermMaintInfra"/><code value="preferredForLanguage"/></use><value value="Grade 1: Antegrade reperfusion past the initial occlusion, but limited distal branch filling with little or slow distal reperfusion"/></designation></concept><concept><code value="2a"/><display value="Grade 2a: Antegrade reperfusion of less than half of the occluded target artery previously ischemic territory"/><definition value="Partial reperfusion of &lt;50% of the downstream ischemic territory supplied by the previously occluded target artery."/><designation><use><system value="http://terminology.hl7.org/CodeSystem/hl7TermMaintInfra"/><code value="preferredForLanguage"/></use><value value="Grade 2a: Antegrade reperfusion of less than half of the occluded target artery previously ischemic territory"/></designation></concept><concept><code value="2b"/><display value="Grade 2b: Antegrade reperfusion of more than half of the previously occluded target artery ischemic territory"/><definition value="Substantial reperfusion of ≥50% of the downstream ischemic territory supplied by the previously occluded target artery."/><designation><use><system value="http://terminology.hl7.org/CodeSystem/hl7TermMaintInfra"/><code value="preferredForLanguage"/></use><value value="Grade 2b: Antegrade reperfusion of more than half of the previously occluded target artery ischemic territory"/></designation></concept><concept><code value="2c"/><display value="Grade 2c: Near complete perfusion except for slow flow or distal emboli in a few distal cortical vessels"/><definition value="Near-complete reperfusion with only minor residual deficits, typically due to slow flow and/or small distal emboli affecting a limited number of distal cortical vessels."/><designation><use><system value="http://terminology.hl7.org/CodeSystem/hl7TermMaintInfra"/><code value="preferredForLanguage"/></use><value value="Grade 2c: Near complete perfusion except for slow flow or distal emboli in a few distal cortical vessels"/></designation></concept><concept><code value="3"/><display value="Grade 3: Complete antegrade reperfusion of the previously occluded target artery ischemic territory, with absence of visualized occlusion in all distal branches"/><definition value="Complete reperfusion of the downstream ischemic territory with normal/near-normal antegrade flow and no visualized occlusion in distal branches of the treated vascular territory."/><designation><use><system value="http://terminology.hl7.org/CodeSystem/hl7TermMaintInfra"/><code value="preferredForLanguage"/></use><value value="Grade 3: Complete antegrade reperfusion of the previously occluded target artery ischemic territory, with absence of visualized occlusion in all distal branches"/></designation></concept></CodeSystem>