<?xml version="1.0" encoding="UTF-8"?><CodeSystem xmlns="http://hl7.org/fhir"><id value="initial-care-intensity-cs"/><text><status value="generated"/><div xmlns="http://www.w3.org/1999/xhtml"><p class="res-header-id"><b>Generated Narrative: CodeSystem initial-care-intensity-cs</b></p><a name="initial-care-intensity-cs"> </a><a name="hcinitial-care-intensity-cs"> </a><p>This case-insensitive code system <code>http://tecnomod-um.org/CodeSystem/initial-care-intensity-cs</code> defines the following codes:</p><table class="codes"><tr><td style="white-space:nowrap"><b>Code</b></td><td><b>Display</b></td><td><b>Definition</b></td></tr><tr><td style="white-space:nowrap">standard<a name="initial-care-intensity-cs-standard"> </a></td><td>Standard bed</td><td>Patient placed in a standard inpatient bed without continuous telemetry/continuous physiologic monitoring.</td></tr><tr><td style="white-space:nowrap">monitored<a name="initial-care-intensity-cs-monitored"> </a></td><td>Monitored bed</td><td>Patient placed in a monitored setting (e.g., telemetry) without full ICU-level care.</td></tr><tr><td style="white-space:nowrap">icu-stroke<a name="initial-care-intensity-cs-icu-stroke"> </a></td><td>ICU / Stroke Unit</td><td>Patient managed in an ICU or specialized stroke unit providing high-intensity care and monitoring.</td></tr></table></div></text><url value="http://tecnomod-um.org/CodeSystem/initial-care-intensity-cs"/><version value="1.0.0"/><name value="InitialCareIntensityCS"/><title value="Initial Care Intensity CodeSystem"/><status value="active"/><experimental value="true"/><date value="2026-02-20T09:50:49+00:00"/><publisher value="UMU"/><contact><name value="UMU"/><telecom><system value="url"/><value value="http://tecnomod-um.org"/></telecom></contact><description value="Local CodeSystem representing the **initial intensity of care** during the first day(s) of the stroke encounter.&#xA;&#xA;**Primary use-case**&#xA;- Populate `InitialCareIntensityExtension` on Encounter to support:&#xA;  - case-mix characterization (ICU/stroke unit vs monitored vs standard bed),&#xA;  - operational benchmarking and staffing analysis,&#xA;  - research stratification where initial level-of-care is a confounder.&#xA;&#xA;**Interpretation guidance**&#xA;- `standard`: no continuous monitoring beyond standard nursing observation.&#xA;- `monitored`: telemetry or continuous monitoring outside ICU.&#xA;- `icu-stroke`: ICU or dedicated stroke unit level care (per local definitions)."/><caseSensitive value="false"/><content value="complete"/><count value="3"/><concept><code value="standard"/><display value="Standard bed"/><definition value="Patient placed in a standard inpatient bed without continuous telemetry/continuous physiologic monitoring."/><designation><use><system value="http://terminology.hl7.org/CodeSystem/hl7TermMaintInfra"/><code value="preferredForLanguage"/></use><value value="Standard bed"/></designation></concept><concept><code value="monitored"/><display value="Monitored bed"/><definition value="Patient placed in a monitored setting (e.g., telemetry) without full ICU-level care."/><designation><use><system value="http://terminology.hl7.org/CodeSystem/hl7TermMaintInfra"/><code value="preferredForLanguage"/></use><value value="Monitored bed"/></designation></concept><concept><code value="icu-stroke"/><display value="ICU / Stroke Unit"/><definition value="Patient managed in an ICU or specialized stroke unit providing high-intensity care and monitoring."/><designation><use><system value="http://terminology.hl7.org/CodeSystem/hl7TermMaintInfra"/><code value="preferredForLanguage"/></use><value value="ICU / Stroke Unit"/></designation></concept></CodeSystem>