<?xml version="1.0" encoding="UTF-8"?><CodeSystem xmlns="http://hl7.org/fhir"><id value="stroke-arrival-mode-cs"/><text><status value="generated"/><div xmlns="http://www.w3.org/1999/xhtml"><p class="res-header-id"><b>Generated Narrative: CodeSystem stroke-arrival-mode-cs</b></p><a name="stroke-arrival-mode-cs"> </a><a name="hcstroke-arrival-mode-cs"> </a><p>This case-insensitive code system <code>http://tecnomod-um.org/CodeSystem/stroke-arrival-mode-cs</code> defines the following codes:</p><table class="codes"><tr><td style="white-space:nowrap"><b>Code</b></td><td><b>Display</b></td><td><b>Definition</b></td></tr><tr><td style="white-space:nowrap">priv-transport-home<a name="stroke-arrival-mode-cs-priv-transport-home"> </a></td><td>Private Transportation from Home/Scene</td><td>The patient arrived via personal or non-medical transport from their home or directly from the scene of the incident.</td></tr><tr><td style="white-space:nowrap">priv-transport-gp<a name="stroke-arrival-mode-cs-priv-transport-gp"> </a></td><td>Private Transportation from GP</td><td>The patient was referred and transported privately from GP.</td></tr><tr><td style="white-space:nowrap">ems-gp<a name="stroke-arrival-mode-cs-ems-gp"> </a></td><td>EMS from GP</td><td>Emergency Medical Services (EMS) transported the patient from GP.</td></tr><tr><td style="white-space:nowrap">stroke-center<a name="stroke-arrival-mode-cs-stroke-center"> </a></td><td>Stroke Center</td><td>The patient was transferred from a specialized stroke center, indicating prior specialized care</td></tr><tr><td style="white-space:nowrap">ems-home<a name="stroke-arrival-mode-cs-ems-home"> </a></td><td>EMS from Home</td><td>Emergency Medical Services (EMS) transported the patient from their home or directly from the scene where the stroke symptoms began.</td></tr><tr><td style="white-space:nowrap">another-hosp<a name="stroke-arrival-mode-cs-another-hosp"> </a></td><td>Another Hospital</td><td>The patient was transferred from another hospital</td></tr></table></div></text><url value="http://tecnomod-um.org/CodeSystem/stroke-arrival-mode-cs"/><version value="1.0.0"/><name value="StrokeArrivalModeCS"/><title value="Stroke Arrival Mode CodeSystem"/><status value="active"/><experimental value="true"/><date value="2026-02-20T10:05:07+00:00"/><publisher value="UMU"/><contact><name value="UMU"/><telecom><system value="url"/><value value="http://tecnomod-um.org"/></telecom></contact><description value="Local CodeSystem describing **how and from where** the patient arrived to the treating hospital for the index stroke encounter.&#xA;&#xA;**Primary use-case**&#xA;- Populate `Encounter.admission.admitSource` (via StrokeArrivalModeVS) to support:&#xA;  - workflow analysis (EMS vs private transport),&#xA;  - pathway compliance reporting (direct-to-stroke-center vs inter-facility transfer),&#xA;  - operational dashboards and registries.&#xA;&#xA;**Modeling notes**&#xA;- These codes describe *arrival origin and transport pathway*, not clinical triage severity.&#xA;- If you need transport timestamps, EMS unit identifiers, or handover details, model them separately "/><caseSensitive value="false"/><content value="complete"/><count value="6"/><concept><code value="priv-transport-home"/><display value="Private Transportation from Home/Scene"/><definition value="The patient arrived via personal or non-medical transport from their home or directly from the scene of the incident."/><designation><use><system value="http://terminology.hl7.org/CodeSystem/hl7TermMaintInfra"/><code value="preferredForLanguage"/></use><value value="Private Transportation from Home/Scene"/></designation></concept><concept><code value="priv-transport-gp"/><display value="Private Transportation from GP"/><definition value="The patient was referred and transported privately from GP."/><designation><use><system value="http://terminology.hl7.org/CodeSystem/hl7TermMaintInfra"/><code value="preferredForLanguage"/></use><value value="Private Transportation from GP"/></designation></concept><concept><code value="ems-gp"/><display value="EMS from GP"/><definition value="Emergency Medical Services (EMS) transported the patient from GP."/><designation><use><system value="http://terminology.hl7.org/CodeSystem/hl7TermMaintInfra"/><code value="preferredForLanguage"/></use><value value="EMS from GP"/></designation></concept><concept><code value="stroke-center"/><display value="Stroke Center"/><definition value="The patient was transferred from a specialized stroke center, indicating prior specialized care"/><designation><use><system value="http://terminology.hl7.org/CodeSystem/hl7TermMaintInfra"/><code value="preferredForLanguage"/></use><value value="Stroke Center"/></designation></concept><concept><code value="ems-home"/><display value="EMS from Home"/><definition value="Emergency Medical Services (EMS) transported the patient from their home or directly from the scene where the stroke symptoms began."/><designation><use><system value="http://terminology.hl7.org/CodeSystem/hl7TermMaintInfra"/><code value="preferredForLanguage"/></use><value value="EMS from Home"/></designation></concept><concept><code value="another-hosp"/><display value="Another Hospital"/><definition value="The patient was transferred from another hospital"/><designation><use><system value="http://terminology.hl7.org/CodeSystem/hl7TermMaintInfra"/><code value="preferredForLanguage"/></use><value value="Another Hospital"/></designation></concept></CodeSystem>