<?xml version="1.0" encoding="UTF-8"?><CodeSystem xmlns="http://hl7.org/fhir"><id value="stroke-etiology-cs"/><text><status value="generated"/><div xmlns="http://www.w3.org/1999/xhtml"><p class="res-header-id"><b>Generated Narrative: CodeSystem stroke-etiology-cs</b></p><a name="stroke-etiology-cs"> </a><a name="hcstroke-etiology-cs"> </a><p>This case-insensitive code system <code>http://tecnomod-um.org/CodeSystem/stroke-etiology-cs</code> defines the following codes:</p><table class="codes"><tr><td style="white-space:nowrap"><b>Code</b></td><td><b>Display</b></td><td><b>Definition</b></td></tr><tr><td style="white-space:nowrap">atherosclerosis<a name="stroke-etiology-cs-atherosclerosis"> </a></td><td>Stroke Etiology Atherosclerosis</td><td>Specifies that large artery atherosclerosis (for example, significant stenosis in the carotid or basilar arteries) was identified as the cause of the stroke.</td></tr><tr><td style="white-space:nowrap">other<a name="stroke-etiology-cs-other"> </a></td><td>Stroke Etiology Other</td><td>Specifies that the stroke etiology falls into a rarer category not covered by the main classifications, such as vasculitis or hypercoagulable states.</td></tr></table></div></text><url value="http://tecnomod-um.org/CodeSystem/stroke-etiology-cs"/><version value="0.1.0"/><name value="StrokeEtiologyCS"/><title value="Stroke Etiology Code System"/><status value="active"/><experimental value="false"/><date value="2025-10-07"/><publisher value="UMU"/><contact><name value="UMU"/><telecom><system value="url"/><value value="http://tecnomod-um.org"/></telecom></contact><description value="Codes indicating the etiology of strokes."/><purpose value="To provide locally governed codes for classifying ischemic stroke etiology."/><copyright value="© Tecnomod. This CodeSystem is provided for use within this Implementation Guide."/><caseSensitive value="false"/><content value="complete"/><count value="2"/><concept><code value="atherosclerosis"/><display value="Stroke Etiology Atherosclerosis"/><definition value="Specifies that large artery atherosclerosis (for example, significant stenosis in the carotid or basilar arteries) was identified as the cause of the stroke."/><designation><use><system value="http://terminology.hl7.org/CodeSystem/hl7TermMaintInfra"/><code value="preferredForLanguage"/></use><value value="Stroke Etiology Atherosclerosis"/></designation></concept><concept><code value="other"/><display value="Stroke Etiology Other"/><definition value="Specifies that the stroke etiology falls into a rarer category not covered by the main classifications, such as vasculitis or hypercoagulable states."/><designation><use><system value="http://terminology.hl7.org/CodeSystem/hl7TermMaintInfra"/><code value="preferredForLanguage"/></use><value value="Stroke Etiology Other"/></designation></concept></CodeSystem>