<?xml version="1.0" encoding="UTF-8"?><CodeSystem xmlns="http://hl7.org/fhir"><id value="timing-metric-codes-cs"/><text><status value="generated"/><div xmlns="http://www.w3.org/1999/xhtml"><p class="res-header-id"><b>Generated Narrative: CodeSystem timing-metric-codes-cs</b></p><a name="timing-metric-codes-cs"> </a><a name="hctiming-metric-codes-cs"> </a><p>This  code system <code>http://tecnomod-um.org/CodeSystem/timing-metric-codes-cs</code> defines the following codes:</p><table class="codes"><tr><td style="white-space:nowrap"><b>Code</b></td><td><b>Display</b></td><td><b>Definition</b></td></tr><tr><td style="white-space:nowrap">D2G<a name="timing-metric-codes-cs-D2G"> </a></td><td>Door to Groin</td><td>Elapsed time (minutes) from documented hospital arrival (‘door’) to arterial groin puncture for mechanical thrombectomy (first puncture attempt).</td></tr><tr><td style="white-space:nowrap">D2N<a name="timing-metric-codes-cs-D2N"> </a></td><td>Door to Needle</td><td>Elapsed time (minutes) from documented hospital arrival (‘door’) to initiation of intravenous thrombolysis (commonly alteplase/tenecteplase administration start, per local definition).</td></tr></table></div></text><url value="http://tecnomod-um.org/CodeSystem/timing-metric-codes-cs"/><version value="1.0.0"/><name value="TimingMetricCodesCS"/><title value="Stroke Timing Metric Codes CodeSystem"/><status value="active"/><date value="2026-02-24T10:24:43+00:00"/><publisher value="UMU"/><contact><name value="UMU"/><telecom><system value="url"/><value value="http://tecnomod-um.org"/></telecom></contact><description value="This CodeSystem defines codes for key **time-interval process metrics** in acute stroke care.&#xA;Each code represents a duration measured between two clinically meaningful events (e.g., arrival to thrombolysis start).&#xA;&#xA;**Primary use-case**&#xA;- Use as `Observation.code` in `TimingMetricObservationProfile`.&#xA;- Store the measured interval in `Observation.valueQuantity` with UCUM minutes (`min`)."/><content value="complete"/><count value="2"/><concept><code value="D2G"/><display value="Door to Groin"/><definition value="Elapsed time (minutes) from documented hospital arrival (‘door’) to arterial groin puncture for mechanical thrombectomy (first puncture attempt)."/><designation><use><system value="http://terminology.hl7.org/CodeSystem/hl7TermMaintInfra"/><code value="preferredForLanguage"/></use><value value="Door to Groin"/></designation></concept><concept><code value="D2N"/><display value="Door to Needle"/><definition value="Elapsed time (minutes) from documented hospital arrival (‘door’) to initiation of intravenous thrombolysis (commonly alteplase/tenecteplase administration start, per local definition)."/><designation><use><system value="http://terminology.hl7.org/CodeSystem/hl7TermMaintInfra"/><code value="preferredForLanguage"/></use><value value="Door to Needle"/></designation></concept></CodeSystem>