<?xml version="1.0" encoding="UTF-8"?><ValueSet xmlns="http://hl7.org/fhir"><id value="stroke-finding-codes-vs"/><text><status value="generated"/><div xmlns="http://www.w3.org/1999/xhtml"><p class="res-header-id"><b>Generated Narrative: ValueSet stroke-finding-codes-vs</b></p><a name="stroke-finding-codes-vs"> </a><a name="hcstroke-finding-codes-vs"> </a><p>This value set includes codes based on the following rules:</p><ul><li>Import all the codes that are contained in <a href="ValueSet-specific-finding-codes-vs.html">Specific Stroke Finding Codes ValueSet</a></li><li>Import all the codes that are contained in <a href="ValueSet-mtici-code-vs.html">Modified Thrombolysis in Cerebral Infarction Assessment ValueSet</a></li></ul></div></text><url value="http://tecnomod-um.org/ValueSet/stroke-finding-codes-vs"/><version value="1.0.0"/><name value="StrokeFindingCodesVS"/><title value="Specific Stroke Finding Codes ValueSet"/><status value="active"/><date value="2026-02-20T10:31:35+00:00"/><publisher value="UMU"/><contact><name value="UMU"/><telecom><system value="url"/><value value="http://tecnomod-um.org"/></telecom></contact><description value="This ValueSet aggregates coded Observation.code concepts used by `SpecificFindingObservationProfile`.&#xA;&#xA;It currently includes:&#xA;- Specific disorder concepts used as a finding focus (SpecificFindingCodesVS), and&#xA;- The mTICI assessment concept (MTICICodeVS).&#xA;&#xA;**How to interpret usage**&#xA;- If `Observation.code` is a disorder concept (e.g., AF), the Observation should be interpreted as an assessment about that finding,&#xA;  with the result/status carried in `Observation.valueCodeableConcept` (e.g., AfibFlutterStatusVS).&#xA;- If `Observation.code` is an assessment concept (e.g., mTICI), `Observation.valueCodeableConcept` carries the score (MticiScoreVS)."/><compose><include><valueSet value="http://tecnomod-um.org/ValueSet/specific-finding-codes-vs"/></include><include><valueSet value="http://tecnomod-um.org/ValueSet/mtici-code-vs"/></include></compose></ValueSet>