<?xml version="1.0" encoding="UTF-8"?><ValueSet xmlns="http://hl7.org/fhir"><id value="assessment-context-vs"/><text><status value="generated"/><div xmlns="http://www.w3.org/1999/xhtml"><p class="res-header-id"><b>Generated Narrative: ValueSet assessment-context-vs</b></p><a name="assessment-context-vs"> </a><a name="hcassessment-context-vs"> </a><ul><li>Include all codes defined in <a href="CodeSystem-assessment-context-cs.html"><code>http://tecnomod-um.org/CodeSystem/assessment-context-cs</code></a><span title="Version is not explicitly stated, which means it is fixed to the version provided in this specification"> version 📦0.1.0</span></li></ul></div></text><url value="http://tecnomod-um.org/ValueSet/assessment-context-vs"/><version value="0.1.0"/><name value="AssessmentContextVS"/><title value="Assessment Context ValueSet"/><status value="active"/><experimental value="true"/><date value="2026-02-20T09:39:34+00:00"/><publisher value="UMU"/><contact><name value="UMU"/><telecom><system value="url"/><value value="http://tecnomod-um.org"/></telecom></contact><description value="This ValueSet includes all phase/context codes from AssessmentContextCS.&#xA;&#xA;**Primary use-case**&#xA;- Required binding for elements that must indicate the clinical phase of an assessment (e.g., timing context extensions)."/><compose><include><system value="http://tecnomod-um.org/CodeSystem/assessment-context-cs"/></include></compose></ValueSet>