<?xml version="1.0" encoding="UTF-8"?><ValueSet xmlns="http://hl7.org/fhir"><id value="brain-imaging-modality-vs"/><text><status value="generated"/><div xmlns="http://www.w3.org/1999/xhtml"><p class="res-header-id"><b>Generated Narrative: ValueSet brain-imaging-modality-vs</b></p><a name="brain-imaging-modality-vs"> </a><a name="hcbrain-imaging-modality-vs"> </a><p>This value set includes codes based on the following rules:</p><ul><li>Include these codes as defined in <a href="http://www.snomed.org/"><code>http://snomed.info/sct</code></a><span title="Version is not explicitly stated. No matching Code System found"> version Not Stated (use latest from terminology server)</span><table class="none"><tr><td style="white-space:nowrap"><b>Code</b></td><td><b>Display</b></td></tr><tr><td><a href="http://snomed.info/id/419949007">419949007</a></td><td>Computed tomography angiography of intracranial artery with contrast (procedure)</td></tr></table></li><li>Include all codes defined in <a href="CodeSystem-brain-imaging-type-cs.html"><code>http://tecnomod-um.org/CodeSystem/brain-imaging-type-cs</code></a><span title="Version is not explicitly stated, which means it is fixed to the version provided in this specification"> version 📦1.0.0</span></li></ul></div></text><url value="http://tecnomod-um.org/ValueSet/brain-imaging-modality-vs"/><version value="1.0.0"/><name value="BrainImagingModalityVS"/><title value="Brain Imaging Modality ValueSet"/><status value="active"/><date value="2026-02-20T10:05:07+00:00"/><publisher value="UMU"/><contact><name value="UMU"/><telecom><system value="url"/><value value="http://tecnomod-um.org"/></telecom></contact><description value="This ValueSet defines the allowed codes for documenting **stroke-related brain imaging** as a Procedure.&#xA;&#xA;It intentionally supports two levels of coding:&#xA;1) **Granular SNOMED CT procedures** (preferred when available).&#xA;2) **Local combined-protocol codes** from `BrainImagingTypeCS` (used when the source reports protocol bundles).&#xA;&#xA;**Primary use-case**&#xA;- Required binding to `Procedure.code` for brain imaging within the stroke episode.&#xA;"/><compose><include><system value="http://snomed.info/sct"/><concept><code value="419949007"/><display value="Computed tomography angiography of intracranial artery with contrast (procedure)"/></concept></include><include><system value="http://tecnomod-um.org/CodeSystem/brain-imaging-type-cs"/></include></compose></ValueSet>