<?xml version="1.0" encoding="UTF-8"?><ValueSet xmlns="http://hl7.org/fhir"><id value="assessment-context-vs"/><text><status value="generated"/><div xmlns="http://www.w3.org/1999/xhtml"><p class="res-header-id"><b>Generated Narrative: ValueSet assessment-context-vs</b></p><a name="assessment-context-vs"> </a><a name="hcassessment-context-vs"> </a><ul><li>Include all codes defined in <a href="CodeSystem-assessment-context-cs.html"><code>http://tecnomod-um.org/CodeSystem/assessment-context-cs</code></a><span title="Version is not explicitly stated, which means it is fixed to the version provided in this specification"> version 📦0.1.0</span></li></ul></div></text><url value="http://tecnomod-um.org/ValueSet/assessment-context-vs"/><version value="0.1.0"/><name value="AssessmentContextVS"/><title value="Assessment Context ValueSet"/><status value="active"/><date value="2026-02-19T08:49:26+00:00"/><publisher value="UMU"/><contact><name value="UMU"/><telecom><system value="url"/><value value="http://tecnomod-um.org"/></telecom></contact><description value="This ValueSet includes all context/timepoint codes defined in AssessmentContextCS. It is intended for required binding to elements (e.g., extensions) that must indicate the clinical phase of an assessment, enabling consistent stratification and reporting of outcomes and severity over the stroke care pathway.&#xA;&#xA;The ValueSet is used to validate that only supported context categories are recorded, improving interoperability when exchanging stroke assessments between systems and across care settings."/><compose><include><system value="http://tecnomod-um.org/CodeSystem/assessment-context-cs"/></include></compose></ValueSet>