<?xml version="1.0" encoding="UTF-8"?><ValueSet xmlns="http://hl7.org/fhir"><id value="vital-sign-codes-vs"/><text><status value="generated"/><div xmlns="http://www.w3.org/1999/xhtml"><p class="res-header-id"><b>Generated Narrative: ValueSet vital-sign-codes-vs</b></p><a name="vital-sign-codes-vs"> </a><a name="hcvital-sign-codes-vs"> </a><ul><li>Include these codes as defined in <a href="http://www.snomed.org/"><code>http://snomed.info/sct</code></a><span title="Version is not explicitly stated. No matching Code System found"> version Not Stated (use latest from terminology server)</span><table class="none"><tr><td style="white-space:nowrap"><b>Code</b></td><td><b>Display</b></td></tr><tr><td><a href="http://snomed.info/id/271649006">271649006</a></td><td>Systolic blood pressure (observable entity)</td></tr><tr><td><a href="http://snomed.info/id/271650006">271650006</a></td><td>Diastolic blood pressure (observable entity)</td></tr></table></li></ul></div></text><url value="http://tecnomod-um.org/ValueSet/vital-sign-codes-vs"/><version value="1.0.0"/><name value="VitalSignCodesVS"/><title value="Stroke Vital Sign Codes ValueSet"/><status value="active"/><experimental value="true"/><date value="2026-02-20T10:05:07+00:00"/><publisher value="UMU"/><contact><name value="UMU"/><telecom><system value="url"/><value value="http://tecnomod-um.org"/></telecom></contact><description value="This ValueSet defines SNOMED CT observable-entity codes for blood pressure components captured as vital signs:&#xA;- Systolic blood pressure&#xA;- Diastolic blood pressure&#xA;&#xA;**Primary use-case**&#xA;- Bind to `Observation.component.code` in a single blood pressure Observation that records both components.&#xA;&#xA;**Implementation guidance**&#xA;- Use `Observation.component.valueQuantity` with UCUM `mm[Hg]`.&#xA;- Repeat the Observation across time with different `effective[x]` timestamps for monitoring."/><compose><include><system value="http://snomed.info/sct"/><concept><code value="271649006"/><display value="Systolic blood pressure (observable entity)"/></concept><concept><code value="271650006"/><display value="Diastolic blood pressure (observable entity)"/></concept></include></compose></ValueSet>