<?xml version="1.0" encoding="UTF-8"?><ValueSet xmlns="http://hl7.org/fhir"><id value="mtici-code-vs"/><text><status value="generated"/><div xmlns="http://www.w3.org/1999/xhtml"><p class="res-header-id"><b>Generated Narrative: ValueSet mtici-code-vs</b></p><a name="mtici-code-vs"> </a><a name="hcmtici-code-vs"> </a><ul><li>Include all codes defined in <a href="CodeSystem-mtici-code-cs.html"><code>http://tecnomod-um.org/CodeSystem/mtici-code-cs</code></a><span title="Version is not explicitly stated, which means it is fixed to the version provided in this specification"> version 📦1.0.0</span></li></ul></div></text><url value="http://tecnomod-um.org/ValueSet/mtici-code-vs"/><version value="1.0.0"/><name value="MTICICodeVS"/><title value="Modified Thrombolysis in Cerebral Infarction Assessment ValueSet"/><status value="active"/><date value="2026-02-24T10:24:43+00:00"/><publisher value="UMU"/><contact><name value="UMU"/><telecom><system value="url"/><value value="http://tecnomod-um.org"/></telecom></contact><description value="This ValueSet includes the mTICI assessment concept code(s) from MTICICodeCS.&#xA;&#xA;**Primary use-case**&#xA;- Bind to `Observation.code` when recording an mTICI reperfusion grade Observation.&#xA;- Pair with `Observation.valueCodeableConcept` bound to MticiScoreVS."/><compose><include><system value="http://tecnomod-um.org/CodeSystem/mtici-code-cs"/></include></compose></ValueSet>