<?xml version="1.0" encoding="UTF-8"?><ValueSet xmlns="http://hl7.org/fhir"><id value="stroke-circumstance-codes-vs"/><text><status value="generated"/><div xmlns="http://www.w3.org/1999/xhtml"><p class="res-header-id"><b>Generated Narrative: ValueSet stroke-circumstance-codes-vs</b></p><a name="stroke-circumstance-codes-vs"> </a><a name="hcstroke-circumstance-codes-vs"> </a><ul><li>Include all codes defined in <a href="CodeSystem-stroke-circumstance-codes-cs.html"><code>http://tecnomod-um.org/CodeSystem/stroke-circumstance-codes-cs</code></a><span title="Version is not explicitly stated, which means it is fixed to the version provided in this specification"> version 📦1.0.0</span></li></ul></div></text><url value="http://tecnomod-um.org/ValueSet/stroke-circumstance-codes-vs"/><version value="1.0.0"/><name value="StrokeCircumstanceCodesVS"/><title value="Stroke Circumstance Codes ValueSet"/><status value="active"/><date value="2026-02-20T10:05:07+00:00"/><publisher value="UMU"/><contact><name value="UMU"/><telecom><system value="url"/><value value="http://tecnomod-um.org"/></telecom></contact><description value="This ValueSet includes all onset-circumstance codes from StrokeCircumstanceCodesCS.&#xA;&#xA;**Primary use-case**&#xA;- Required binding for `StrokeCircumstanceObservationProfile.code`."/><compose><include><system value="http://tecnomod-um.org/CodeSystem/stroke-circumstance-codes-cs"/></include></compose></ValueSet>