<?xml version="1.0" encoding="UTF-8"?><ValueSet xmlns="http://hl7.org/fhir"><id value="stroke-proc-not-done-reason-vs"/><text><status value="generated"/><div xmlns="http://www.w3.org/1999/xhtml"><p class="res-header-id"><b>Generated Narrative: ValueSet stroke-proc-not-done-reason-vs</b></p><a name="stroke-proc-not-done-reason-vs"> </a><a name="hcstroke-proc-not-done-reason-vs"> </a><ul><li>Include all codes defined in <a href="CodeSystem-stroke-proc-not-done-reason-cs.html"><code>http://tecnomod-um.org/CodeSystem/stroke-proc-not-done-reason-cs</code></a><span title="Version is not explicitly stated, which means it is fixed to the version provided in this specification"> version 📦0.1.0</span></li></ul></div></text><url value="http://tecnomod-um.org/ValueSet/stroke-proc-not-done-reason-vs"/><version value="0.1.0"/><name value="StrokeProcNotDoneReasonVS"/><title value="Stroke Procedure Not Done Reason ValueSet"/><status value="active"/><date value="2026-02-09T12:28:26+00:00"/><publisher value="UMU"/><contact><name value="UMU"/><telecom><system value="url"/><value value="http://tecnomod-um.org"/></telecom></contact><description value="ValueSet containing specific codes to indicate why thrombolysis or thrombectomy was not performed."/><compose><include><system value="http://tecnomod-um.org/CodeSystem/stroke-proc-not-done-reason-cs"/></include></compose></ValueSet>