<?xml version="1.0" encoding="UTF-8"?><ValueSet xmlns="http://hl7.org/fhir"><id value="thrombectomy-complication-vs"/><text><status value="generated"/><div xmlns="http://www.w3.org/1999/xhtml"><p class="res-header-id"><b>Generated Narrative: ValueSet thrombectomy-complication-vs</b></p><a name="thrombectomy-complication-vs"> </a><a name="hcthrombectomy-complication-vs"> </a><p>This value set includes codes based on the following rules:</p><ul><li>Include these codes as defined in <a href="http://www.snomed.org/"><code>http://snomed.info/sct</code></a><span title="Version is not explicitly stated. No matching Code System found"> version Not Stated (use latest from terminology server)</span><table class="none"><tr><td style="white-space:nowrap"><b>Code</b></td><td><b>Display</b></td></tr><tr><td><a href="http://snomed.info/id/307312008">307312008</a></td><td>Perforation of artery (disorder)</td></tr></table></li><li>Include all codes defined in <a href="CodeSystem-thrombectomy-complication-cs.html"><code>http://tecnomod-um.org/CodeSystem/thrombectomy-complication-cs</code></a><span title="Version is not explicitly stated, which means it is fixed to the version provided in this specification"> version 📦0.1.0</span></li></ul></div></text><url value="http://tecnomod-um.org/ValueSet/thrombectomy-complication-vs"/><version value="0.1.0"/><name value="ThrombectomyComplicationVS"/><title value="Thrombectomy Complications ValueSet"/><status value="active"/><date value="2026-02-19T11:36:03+00:00"/><publisher value="UMU"/><contact><name value="UMU"/><telecom><system value="url"/><value value="http://tecnomod-um.org"/></telecom></contact><description value=" ValueSet of SNOMED CT concepts representing complications of thrombectomy as clinical conditions.&#xA;&#xA;**Primary use-case**&#xA;- Bind `Procedure.complication` (or the referenced Condition.code) to a SNOMED-based set for interoperability.&#xA;"/><compose><include><system value="http://snomed.info/sct"/><concept><code value="307312008"/><display value="Perforation of artery (disorder)"/></concept></include><include><system value="http://tecnomod-um.org/CodeSystem/thrombectomy-complication-cs"/></include></compose></ValueSet>