<?xml version="1.0" encoding="UTF-8"?><ValueSet xmlns="http://hl7.org/fhir"><id value="admission-source-vs"/><text><status value="generated"/><div xmlns="http://www.w3.org/1999/xhtml"><p class="res-header-id"><b>Generated Narrative: ValueSet admission-source-vs</b></p><a name="admission-source-vs"> </a><a name="hcadmission-source-vs"> </a><ul><li>Include these codes as defined in <a href="http://www.snomed.org/"><code>http://snomed.info/sct</code></a><span title="Version is not explicitly stated. No matching Code System found"> version Not Stated (use latest from terminology server)</span><table class="none"><tr><td style="white-space:nowrap"><b>Code</b></td><td><b>Display</b></td></tr><tr><td><a href="http://snomed.info/id/715537001">715537001</a></td><td>Transportation by ambulance (procedure)</td></tr><tr><td><a href="http://snomed.info/id/715957006">715957006</a></td><td>Transportation by own transport (procedure)</td></tr><tr><td><a href="http://snomed.info/id/384762007">384762007</a></td><td>Transportation procedure (procedure)</td></tr></table></li></ul></div></text><url value="http://tecnomod-um.org/ValueSet/admission-source-vs"/><version value="0.1.0"/><name value="AdmissionSourceValueSet"/><title value="Admission Sources ValueSet"/><status value="draft"/><experimental value="true"/><date value="2025-03-31"/><publisher value="UMU"/><contact><name value="UMU"/><telecom><system value="url"/><value value="http://tecnomod-um.org"/></telecom></contact><description value="This ValueSet enumerates modes of transport or pathways by which a patient arrived for the index stroke encounter.&#xA;&#xA;**Primary use-cases**&#xA;- Bind to admission source elements (commonly `Encounter.hospitalization.admitSource` or local equivalents) to support:&#xA;  - operational reporting (ambulance vs own transport),&#xA;  - pathway compliance (e.g., EMS prenotification pathways),&#xA;  - inter-facility transfer analytics."/><immutable value="false"/><purpose value="To standardize the capture of patient admission sources for workflow, reporting, and interoperability."/><copyright value="This value set includes SNOMED CT® content. SNOMED CT® is distributed by SNOMED International."/><compose><include><system value="http://snomed.info/sct"/><concept><code value="715537001"/><display value="Transportation by ambulance (procedure)"/></concept><concept><code value="715957006"/><display value="Transportation by own transport (procedure)"/></concept><concept><code value="384762007"/><display value="Transportation procedure (procedure)"/></concept></include></compose></ValueSet>