<?xml version="1.0" encoding="UTF-8"?><ValueSet xmlns="http://hl7.org/fhir"><id value="stroke-diagnosis-vs"/><text><status value="generated"/><div xmlns="http://www.w3.org/1999/xhtml"><p class="res-header-id"><b>Generated Narrative: ValueSet stroke-diagnosis-vs</b></p><a name="stroke-diagnosis-vs"> </a><a name="hcstroke-diagnosis-vs"> </a><ul><li>Include these codes as defined in <a href="http://www.snomed.org/"><code>http://snomed.info/sct</code></a><span title="Version is not explicitly stated. No matching Code System found"> version Not Stated (use latest from terminology server)</span><table class="none"><tr><td style="white-space:nowrap"><b>Code</b></td><td><b>Display</b></td></tr><tr><td><a href="http://snomed.info/id/422504002">422504002</a></td><td>Ischemic stroke (disorder)</td></tr><tr><td><a href="http://snomed.info/id/274100004">274100004</a></td><td>Cerebral hemorrhage (disorder)</td></tr><tr><td><a href="http://snomed.info/id/266257000">266257000</a></td><td>Transient ischemic attack (disorder)</td></tr><tr><td><a href="http://snomed.info/id/21454007">21454007</a></td><td>Subarachnoid intracranial hemorrhage (disorder)</td></tr><tr><td><a href="http://snomed.info/id/95455008">95455008</a></td><td>Thrombosis of cerebral veins (disorder)</td></tr><tr><td><a href="http://snomed.info/id/373068000">373068000</a></td><td>Undetermined (qualifier value)</td></tr></table></li></ul></div></text><url value="http://tecnomod-um.org/ValueSet/stroke-diagnosis-vs"/><version value="0.1.0"/><name value="StrokeDiagnosisVS"/><title value="Stroke Diagnosis ValueSet"/><status value="active"/><experimental value="false"/><date value="2025-10-07"/><publisher value="UMU"/><contact><name value="UMU"/><telecom><system value="url"/><value value="http://tecnomod-um.org"/></telecom></contact><description value="SNOMED CT concepts representing final stroke-related diagnoses intended for use in Condition.code (and similar elements) within this IG. The scope covers ischemic stroke, intracerebral hemorrhage, subarachnoid hemorrhage, cerebral venous thrombosis, and transient ischemic attack (TIA). This value set is designed to support consistent capture, validation, analytics, and decision support. Implementers should expand against a terminology server using the appropriate SNOMED CT edition/version and preferred language(s) for display. Localizations or national derivatives MAY provide additional designations without altering the canonical definition. This value set is not intended for history-of, screening, or procedural concepts."/><immutable value="false"/><purpose value="To provide a consistent set of SNOMED CT concepts for coding definitive stroke-related diagnoses in this IG."/><copyright value="This value set includes SNOMED CT® content. SNOMED CT® is distributed by SNOMED International."/><compose><include><system value="http://snomed.info/sct"/><concept><code value="422504002"/><display value="Ischemic stroke (disorder)"/></concept><concept><code value="274100004"/><display value="Cerebral hemorrhage (disorder)"/></concept><concept><code value="266257000"/><display value="Transient ischemic attack (disorder)"/></concept><concept><code value="21454007"/><display value="Subarachnoid intracranial hemorrhage (disorder)"/></concept><concept><code value="95455008"/><display value="Thrombosis of cerebral veins (disorder)"/></concept><concept><code value="373068000"/><display value="Undetermined (qualifier value)"/></concept></include></compose></ValueSet>