<?xml version="1.0" encoding="UTF-8"?><ValueSet xmlns="http://hl7.org/fhir"><id value="perforation-procedures-vs"/><text><status value="generated"/><div xmlns="http://www.w3.org/1999/xhtml"><p class="res-header-id"><b>Generated Narrative: ValueSet perforation-procedures-vs</b></p><a name="perforation-procedures-vs"> </a><a name="hcperforation-procedures-vs"> </a><ul><li>Include these codes as defined in <a href="http://www.snomed.org/"><code>http://snomed.info/sct</code></a><span title="Version is not explicitly stated. No matching Code System found"> version Not Stated (use latest from terminology server)</span><table class="none"><tr><td style="white-space:nowrap"><b>Code</b></td><td><b>Display</b></td></tr><tr><td><a href="http://snomed.info/id/472191000119101">472191000119101</a></td><td>Thrombolysis of cerebral artery by intravenous infusion (procedure)</td></tr><tr><td><a href="http://snomed.info/id/397046001">397046001</a></td><td>Thrombectomy of artery (procedure)</td></tr></table></li></ul></div></text><url value="http://tecnomod-um.org/ValueSet/perforation-procedures-vs"/><version value="1.0.0"/><name value="PerforationProceduresValueset"/><title value="Perforation Procedures ValueSet"/><status value="draft"/><experimental value="true"/><date value="2025-03-31"/><publisher value="UMU"/><contact><name value="UMU"/><telecom><system value="url"/><value value="http://tecnomod-um.org"/></telecom></contact><description value="ValueSet restricting Procedure codes to stroke **reperfusion interventions**:&#xA;- IV thrombolysis (IVT)&#xA;- Mechanical thrombectomy (MT)&#xA;"/><compose><include><system value="http://snomed.info/sct"/><concept><code value="472191000119101"/><display value="Thrombolysis of cerebral artery by intravenous infusion (procedure)"/></concept><concept><code value="397046001"/><display value="Thrombectomy of artery (procedure)"/></concept></include></compose></ValueSet>