<?xml version="1.0" encoding="UTF-8"?><ValueSet xmlns="http://hl7.org/fhir"><id value="mrs-score-vs"/><text><status value="generated"/><div xmlns="http://www.w3.org/1999/xhtml"><p class="res-header-id"><b>Generated Narrative: ValueSet mrs-score-vs</b></p><a name="mrs-score-vs"> </a><a name="hcmrs-score-vs"> </a><ul><li>Include all codes defined in <a href="CodeSystem-mrs-score-cs.html"><code>http://tecnomod-um.org/CodeSystem/mrs-score-cs</code></a><span title="Version is not explicitly stated, which means it is fixed to the version provided in this specification"> version 📦0.1.0</span></li></ul></div></text><url value="http://tecnomod-um.org/ValueSet/mrs-score-vs"/><version value="0.1.0"/><name value="MRsScoreVS"/><title value="modified Rankin Scale (mRS) Score ValueSet"/><status value="active"/><date value="2026-02-18T14:43:59+00:00"/><publisher value="UMU"/><contact><name value="UMU"/><telecom><system value="url"/><value value="http://tecnomod-um.org"/></telecom></contact><description value="This ValueSet includes all modified Rankin Scale (mRS) grades defined in the MRsScoreCS CodeSystem (0–6). It is intended to be bound to Observation.valueCodeableConcept when the Observation.code indicates that the observation represents an mRS score.&#xA;&#xA;Binding mRS to a dedicated ValueSet supports strict validation (only valid mRS grades can be recorded), improves semantic consistency across implementations, and simplifies downstream cohorting and outcome reporting (e.g., dichotomized mRS 0–2 vs 3–6), without changing the meaning of individual grades."/><compose><include><system value="http://tecnomod-um.org/CodeSystem/mrs-score-cs"/></include></compose></ValueSet>