<?xml version="1.0" encoding="UTF-8"?><ValueSet xmlns="http://hl7.org/fhir"><id value="stroke-etiology-vs"/><text><status value="generated"/><div xmlns="http://www.w3.org/1999/xhtml"><p class="res-header-id"><b>Generated Narrative: ValueSet stroke-etiology-vs</b></p><a name="stroke-etiology-vs"> </a><a name="hcstroke-etiology-vs"> </a><p>This value set includes codes based on the following rules:</p><ul><li>Include all codes defined in <a href="CodeSystem-stroke-etiology-cs.html"><code>http://tecnomod-um.org/CodeSystem/stroke-etiology-cs</code></a><span title="Version is not explicitly stated, which means it is fixed to the version provided in this specification"> version 📦0.1.0</span></li><li>Include these codes as defined in <a href="http://www.snomed.org/"><code>http://snomed.info/sct</code></a><span title="Version is not explicitly stated. No matching Code System found"> version Not Stated (use latest from terminology server)</span><table class="none"><tr><td style="white-space:nowrap"><b>Code</b></td><td><b>Display</b></td></tr><tr><td><a href="http://snomed.info/id/16891111000119104">16891111000119104</a></td><td>Cryptogenic stroke (disorder)</td></tr><tr><td><a href="http://snomed.info/id/413758000">413758000</a></td><td>Cardioembolic stroke (disorder)</td></tr><tr><td><a href="http://snomed.info/id/230698000">230698000</a></td><td>Lacunar infarction (disorder)</td></tr></table></li></ul></div></text><url value="http://tecnomod-um.org/ValueSet/stroke-etiology-vs"/><version value="0.1.0"/><name value="StrokeEtiologyVS"/><title value="Stroke Etiology ValueSet"/><status value="draft"/><experimental value="true"/><date value="2025-03-31"/><publisher value="UMU"/><contact><name value="UMU"/><telecom><system value="url"/><value value="http://tecnomod-um.org"/></telecom></contact><description value="Specifies the determined etiology of an stroke."/><immutable value="false"/><purpose value="To support classification of stroke etiology using a mix of local codes and selected SNOMED CT concepts."/><copyright value="This value set includes locally governed concepts and SNOMED CT® content. SNOMED CT® is distributed by SNOMED International."/><compose><include><system value="http://tecnomod-um.org/CodeSystem/stroke-etiology-cs"/></include><include><system value="http://snomed.info/sct"/><concept><code value="16891111000119104"/><display value="Cryptogenic stroke (disorder)"/></concept><concept><code value="413758000"/><display value="Cardioembolic stroke (disorder)"/></concept><concept><code value="230698000"/><display value="Lacunar infarction (disorder)"/></concept></include></compose></ValueSet>