<?xml version="1.0" encoding="UTF-8"?><ValueSet xmlns="http://hl7.org/fhir"><id value="carotid-imaging-modality-vs"/><text><status value="generated"/><div xmlns="http://www.w3.org/1999/xhtml"><p class="res-header-id"><b>Generated Narrative: ValueSet carotid-imaging-modality-vs</b></p><a name="carotid-imaging-modality-vs"> </a><a name="hccarotid-imaging-modality-vs"> </a><ul><li>Include these codes as defined in <a href="http://www.snomed.org/"><code>http://snomed.info/sct</code></a><span title="Version is not explicitly stated. No matching Code System found"> version Not Stated (use latest from terminology server)</span><table class="none"><tr><td style="white-space:nowrap"><b>Code</b></td><td><b>Display</b></td></tr><tr><td><a href="http://snomed.info/id/58920005">58920005</a></td><td>Angiography of carotid artery (procedure)</td></tr><tr><td><a href="http://snomed.info/id/9171000087102">9171000087102</a></td><td>Doppler ultrasonography of carotid arteries (procedure)</td></tr><tr><td><a href="http://snomed.info/id/396205005">396205005</a></td><td>Computed tomography of brain without radiopaque contrast (procedure)</td></tr><tr><td><a href="http://snomed.info/id/1366357009">1366357009</a></td><td>Magnetic resonance imaging angiography of intracranial artery (procedure)</td></tr></table></li></ul></div></text><url value="http://tecnomod-um.org/ValueSet/carotid-imaging-modality-vs"/><version value="0.1.0"/><name value="CarotidImagingModalityVS"/><title value="Carotid Arteries Imaging Modality ValueSet"/><status value="active"/><date value="2026-02-16T11:22:57+00:00"/><publisher value="UMU"/><contact><name value="UMU"/><telecom><system value="url"/><value value="http://tecnomod-um.org"/></telecom></contact><description value="Defines codes for different types of carotid artery imaging."/><compose><include><system value="http://snomed.info/sct"/><concept><code value="58920005"/><display value="Angiography of carotid artery (procedure)"/></concept><concept><code value="9171000087102"/><display value="Doppler ultrasonography of carotid arteries (procedure)"/></concept><concept><code value="396205005"/><display value="Computed tomography of brain without radiopaque contrast (procedure)"/></concept><concept><code value="1366357009"/><display value="Magnetic resonance imaging angiography of intracranial artery (procedure)"/></concept></include></compose></ValueSet>