<?xml version="1.0" encoding="UTF-8"?><ValueSet xmlns="http://hl7.org/fhir"><id value="stroke-arrival-mode-vs"/><text><status value="generated"/><div xmlns="http://www.w3.org/1999/xhtml"><p class="res-header-id"><b>Generated Narrative: ValueSet stroke-arrival-mode-vs</b></p><a name="stroke-arrival-mode-vs"> </a><a name="hcstroke-arrival-mode-vs"> </a><ul><li>Include all codes defined in <a href="CodeSystem-stroke-arrival-mode-cs.html"><code>http://tecnomod-um.org/CodeSystem/stroke-arrival-mode-cs</code></a><span title="Version is not explicitly stated, which means it is fixed to the version provided in this specification"> version 📦1.0.0</span></li></ul></div></text><url value="http://tecnomod-um.org/ValueSet/stroke-arrival-mode-vs"/><version value="1.0.0"/><name value="StrokeArrivalModeVS"/><title value="Stroke Arrival Mode ValueSet"/><status value="active"/><date value="2026-02-20T09:50:49+00:00"/><publisher value="UMU"/><contact><name value="UMU"/><telecom><system value="url"/><value value="http://tecnomod-um.org"/></telecom></contact><description value="ValueSet restricting the allowed values for documenting the patient's arrival mode/origin.&#xA;&#xA;**Primary use-case**&#xA;- Required binding to `Encounter.admission.admitSource` in `StrokeEncounterProfile`.&#xA;"/><compose><include><system value="http://tecnomod-um.org/CodeSystem/stroke-arrival-mode-cs"/></include></compose></ValueSet>