<?xml version="1.0" encoding="UTF-8"?><ValueSet xmlns="http://hl7.org/fhir"><id value="mrs-score-vs"/><text><status value="generated"/><div xmlns="http://www.w3.org/1999/xhtml"><p class="res-header-id"><b>Generated Narrative: ValueSet mrs-score-vs</b></p><a name="mrs-score-vs"> </a><a name="hcmrs-score-vs"> </a><ul><li>Include all codes defined in <a href="CodeSystem-mrs-score-cs.html"><code>http://tecnomod-um.org/CodeSystem/mrs-score-cs</code></a><span title="Version is not explicitly stated, which means it is fixed to the version provided in this specification"> version 📦1.0.0</span></li></ul></div></text><url value="http://tecnomod-um.org/ValueSet/mrs-score-vs"/><version value="1.0.0"/><name value="MRsScoreVS"/><title value="Modified Rankin Scale (mRS) Score ValueSet"/><status value="active"/><experimental value="true"/><date value="2026-02-20T09:50:49+00:00"/><publisher value="UMU"/><contact><name value="UMU"/><telecom><system value="url"/><value value="http://tecnomod-um.org"/></telecom></contact><description value="This ValueSet includes all mRS grades (0–6) defined in MRsScoreCS.&#xA;&#xA;**Primary use-case**&#xA;- Bind to `Observation.valueCodeableConcept` when `Observation.code` indicates the Observation represents an mRS score."/><compose><include><system value="http://tecnomod-um.org/CodeSystem/mrs-score-cs"/></include></compose></ValueSet>