{
  "resourceType" : "CodeSystem",
  "id" : "mrs-score-cs",
  "text" : {
    "status" : "generated",
    "div" : "<div xmlns=\"http://www.w3.org/1999/xhtml\"><p class=\"res-header-id\"><b>Generated Narrative: CodeSystem mrs-score-cs</b></p><a name=\"mrs-score-cs\"> </a><a name=\"hcmrs-score-cs\"> </a><p>This case-insensitive code system <code>http://tecnomod-um.org/CodeSystem/mrs-score-cs</code> defines the following codes:</p><table class=\"codes\"><tr><td style=\"white-space:nowrap\"><b>Code</b></td><td><b>Display</b></td><td><b>Definition</b></td></tr><tr><td style=\"white-space:nowrap\">0<a name=\"mrs-score-cs-0\"> </a></td><td>No symptoms</td><td>No symptoms at all.</td></tr><tr><td style=\"white-space:nowrap\">1<a name=\"mrs-score-cs-1\"> </a></td><td>No significant disability</td><td>Despite symptoms; able to carry out all usual duties and activities.</td></tr><tr><td style=\"white-space:nowrap\">2<a name=\"mrs-score-cs-2\"> </a></td><td>Slight disability</td><td>Unable to carry out all previous activities, but able to look after own affairs without assistance.</td></tr><tr><td style=\"white-space:nowrap\">3<a name=\"mrs-score-cs-3\"> </a></td><td>Moderate disability</td><td>Requiring some help, but able to walk without assistance.</td></tr><tr><td style=\"white-space:nowrap\">4<a name=\"mrs-score-cs-4\"> </a></td><td>Moderately severe disability</td><td>Unable to walk without assistance and unable to attend to own bodily needs without assistance.</td></tr><tr><td style=\"white-space:nowrap\">5<a name=\"mrs-score-cs-5\"> </a></td><td>Severe disability</td><td>Bedridden, incontinent and requiring constant nursing care and attention.</td></tr><tr><td style=\"white-space:nowrap\">6<a name=\"mrs-score-cs-6\"> </a></td><td>Dead</td><td>Patient deceased.</td></tr></table></div>"
  },
  "url" : "http://tecnomod-um.org/CodeSystem/mrs-score-cs",
  "version" : "0.1.0",
  "name" : "MRsScoreCS",
  "title" : "modified Rankin Scale (mRS) Score Code System",
  "status" : "active",
  "experimental" : true,
  "date" : "2026-02-19T08:49:26+00:00",
  "publisher" : "UMU",
  "contact" : [{
    "name" : "UMU",
    "telecom" : [{
      "system" : "url",
      "value" : "http://tecnomod-um.org"
    }]
  }],
  "description" : "This CodeSystem defines codes for the modified Rankin Scale (mRS), an ordinal measure of global disability and functional outcome widely used in stroke care and research. mRS grades functional status from 0 (no symptoms) through 5 (severe disability), with 6 indicating death.\n\nWithin this implementation guide, mRS is intended to be captured as Observation.valueCodeableConcept (bound to the MRsScoreVS ValueSet), with the assessment timepoint represented explicitly (e.g., via effective[x]) and/or via an assessment context indicator (e.g., pre-stroke baseline, discharge, ~90-day follow-up). This supports standard reporting (e.g., “mRS at 90 days”), comparability across sites, and consistent downstream analytics.\n\nScope and modeling notes:\n- mRS is a coarse, global disability scale; it does not encode detailed domain-specific functional limitations (mobility, cognition, ADLs) which should be captured via additional instruments/Observations if required.\n- The CodeSystem defines only the *score*; method of ascertainment (in-person, telephone, structured interview) and assessor details should be captured separately when relevant.",
  "caseSensitive" : false,
  "content" : "complete",
  "count" : 7,
  "concept" : [{
    "code" : "0",
    "display" : "No symptoms",
    "definition" : "No symptoms at all."
  },
  {
    "code" : "1",
    "display" : "No significant disability",
    "definition" : "Despite symptoms; able to carry out all usual duties and activities."
  },
  {
    "code" : "2",
    "display" : "Slight disability",
    "definition" : "Unable to carry out all previous activities, but able to look after own affairs without assistance."
  },
  {
    "code" : "3",
    "display" : "Moderate disability",
    "definition" : "Requiring some help, but able to walk without assistance."
  },
  {
    "code" : "4",
    "display" : "Moderately severe disability",
    "definition" : "Unable to walk without assistance and unable to attend to own bodily needs without assistance."
  },
  {
    "code" : "5",
    "display" : "Severe disability",
    "definition" : "Bedridden, incontinent and requiring constant nursing care and attention."
  },
  {
    "code" : "6",
    "display" : "Dead",
    "definition" : "Patient deceased."
  }]
}