{
  "resourceType" : "CodeSystem",
  "id" : "thrombectomy-complication-cs",
  "text" : {
    "status" : "generated",
    "div" : "<div xmlns=\"http://www.w3.org/1999/xhtml\"><p class=\"res-header-id\"><b>Generated Narrative: CodeSystem thrombectomy-complication-cs</b></p><a name=\"thrombectomy-complication-cs\"> </a><a name=\"hcthrombectomy-complication-cs\"> </a><p>This  code system <code>http://tecnomod-um.org/CodeSystem/thrombectomy-complication-cs</code> defines the following code:</p><table class=\"codes\"><tr><td style=\"white-space:nowrap\"><b>Code</b></td><td><b>Display</b></td><td><b>Definition</b></td></tr><tr><td style=\"white-space:nowrap\">perforation<a name=\"thrombectomy-complication-cs-perforation\"> </a></td><td>Vessel Perforation</td><td>Vessel perforation occurred during the mechanical thrombectomy</td></tr></table></div>"
  },
  "url" : "http://tecnomod-um.org/CodeSystem/thrombectomy-complication-cs",
  "version" : "0.1.0",
  "name" : "ThrombectomyComplicationCS",
  "title" : "Thrombectomy Complication CodeSystem",
  "status" : "active",
  "date" : "2026-02-20T08:43:58+00:00",
  "publisher" : "UMU",
  "contact" : [{
    "name" : "UMU",
    "telecom" : [{
      "system" : "url",
      "value" : "http://tecnomod-um.org"
    }]
  }],
  "description" : "Local CodeSystem for complications occurring during mechanical thrombectomy.\n\n**When to use**\n- If you need a controlled internal vocabulary for adverse events/complications, especially when upstream systems do not provide SNOMED-coded diagnoses.\n\n**How it is used in FHIR R5**\n- Usually referenced from `Procedure.complication` which is a `CodeableReference(Condition)` in R5.\n- You may represent the complication as a `Condition` (preferred), and/or record a code directly depending on your implementation pattern.\n\n**Why it exists**\n- Supports minimum-set reporting across sites and enables consistent quality/safety analytics.",
  "content" : "complete",
  "count" : 1,
  "concept" : [{
    "code" : "perforation",
    "display" : "Vessel Perforation",
    "definition" : "Vessel perforation occurred during the mechanical thrombectomy"
  }]
}