<?xml version="1.0" encoding="UTF-8"?>

<CodeSystem xmlns="http://hl7.org/fhir">
  <id value="hemorrhagic-stroke-bleeding-reason-cs"/>
  <text>
    <status value="generated"/><div xmlns="http://www.w3.org/1999/xhtml"><p class="res-header-id"><b>Generated Narrative: CodeSystem hemorrhagic-stroke-bleeding-reason-cs</b></p><a name="hemorrhagic-stroke-bleeding-reason-cs"> </a><a name="hchemorrhagic-stroke-bleeding-reason-cs"> </a><p>This case-insensitive code system <code>http://tecnomod-um.org/CodeSystem/hemorrhagic-stroke-bleeding-reason-cs</code> defines the following code:</p><table class="codes"><tr><td style="white-space:nowrap"><b>Code</b></td><td><b>Display</b></td><td><b>Definition</b></td></tr><tr><td style="white-space:nowrap">other<a name="hemorrhagic-stroke-bleeding-reason-cs-other"> </a></td><td>Bleeding Reason Other</td><td>Another, less common or unspecified cause of intracranial hemorrhage was identified</td></tr></table></div>
  </text>
  <url value="http://tecnomod-um.org/CodeSystem/hemorrhagic-stroke-bleeding-reason-cs"/>
  <version value="0.1.0"/>
  <name value="HemorrhagicStrokeBleedingReasonCS"/>
  <title value="Hemorrhagic Stroke Bleeding Reason Code System"/>
  <status value="active"/>
  <experimental value="false"/>
  <date value="2025-10-07"/>
  <publisher value="UMU"/>
  <contact>
    <name value="UMU"/>
    <telecom>
      <system value="url"/>
      <value value="http://tecnomod-um.org"/>
    </telecom>
  </contact>
  <description value="Codes indicating the reason for bleeding in hemorrhagic stroke cases."/>
  <purpose value="To provide locally governed codes for the identified cause of bleeding in hemorrhagic stroke."/>
  <copyright value="© Tecnomod. This CodeSystem is provided for use within this Implementation Guide."/>
  <caseSensitive value="false"/>
  <content value="complete"/>
  <count value="1"/>
  <concept>
    <code value="other"/>
    <display value="Bleeding Reason Other"/>
    <definition value="Another, less common or unspecified cause of intracranial hemorrhage was identified"/>
  </concept>
</CodeSystem>