{
  "resourceType" : "CodeSystem",
  "id" : "initial-care-intensity-cs",
  "text" : {
    "status" : "generated",
    "div" : "<div xmlns=\"http://www.w3.org/1999/xhtml\"><p class=\"res-header-id\"><b>Generated Narrative: CodeSystem initial-care-intensity-cs</b></p><a name=\"initial-care-intensity-cs\"> </a><a name=\"hcinitial-care-intensity-cs\"> </a><p>This case-insensitive code system <code>http://tecnomod-um.org/CodeSystem/initial-care-intensity-cs</code> defines the following codes:</p><table class=\"codes\"><tr><td style=\"white-space:nowrap\"><b>Code</b></td><td><b>Display</b></td><td><b>Definition</b></td></tr><tr><td style=\"white-space:nowrap\">standard<a name=\"initial-care-intensity-cs-standard\"> </a></td><td>Standard bed</td><td>Patient placed in a standard inpatient bed without continuous telemetry/continuous physiologic monitoring.</td></tr><tr><td style=\"white-space:nowrap\">monitored<a name=\"initial-care-intensity-cs-monitored\"> </a></td><td>Monitored bed</td><td>Patient placed in a monitored setting (e.g., telemetry) without full ICU-level care.</td></tr><tr><td style=\"white-space:nowrap\">icu-stroke<a name=\"initial-care-intensity-cs-icu-stroke\"> </a></td><td>ICU / Stroke Unit</td><td>Patient managed in an ICU or specialized stroke unit providing high-intensity care and monitoring.</td></tr></table></div>"
  },
  "url" : "http://tecnomod-um.org/CodeSystem/initial-care-intensity-cs",
  "version" : "0.1.0",
  "name" : "InitialCareIntensityCS",
  "title" : "Initial Care Intensity CodeSystem",
  "status" : "active",
  "experimental" : true,
  "date" : "2026-02-20T08:43:58+00:00",
  "publisher" : "UMU",
  "contact" : [{
    "name" : "UMU",
    "telecom" : [{
      "system" : "url",
      "value" : "http://tecnomod-um.org"
    }]
  }],
  "description" : "Local CodeSystem representing the **initial intensity of care** during the first day(s) of the stroke encounter.\n\n**Primary use-case**\n- Populate `InitialCareIntensityExtension` on Encounter to support:\n  - case-mix characterization (ICU/stroke unit vs monitored vs standard bed),\n  - operational benchmarking and staffing analysis,\n  - research stratification where initial level-of-care is a confounder.\n\n**Interpretation guidance**\n- `standard`: no continuous monitoring beyond standard nursing observation.\n- `monitored`: telemetry or continuous monitoring outside ICU.\n- `icu-stroke`: ICU or dedicated stroke unit level care (per local definitions).",
  "caseSensitive" : false,
  "content" : "complete",
  "count" : 3,
  "concept" : [{
    "code" : "standard",
    "display" : "Standard bed",
    "definition" : "Patient placed in a standard inpatient bed without continuous telemetry/continuous physiologic monitoring."
  },
  {
    "code" : "monitored",
    "display" : "Monitored bed",
    "definition" : "Patient placed in a monitored setting (e.g., telemetry) without full ICU-level care."
  },
  {
    "code" : "icu-stroke",
    "display" : "ICU / Stroke Unit",
    "definition" : "Patient managed in an ICU or specialized stroke unit providing high-intensity care and monitoring."
  }]
}