{
  "codeSystems" : [
    {
      "url" : "http://hl7.org/fhir/CodeSystem/medication-statement-adherence",
      "version" : "5.0.0",
      "status" : "active",
      "name" : "MedicationStatementAdherenceCodes",
      "title" : "MedicationStatement Adherence Codes",
      "description" : "MedicationStatement Adherence Codes",
      "oids" : ["2.16.840.1.113883.4.642.4.1981"],
      "uses" : {
      },
      "http://hl7.org/fhir/R5/valueset-medication-statement-adherence.html" : "MedicationStatement Adherence Codes"
    },
    {
      "url" : "http://hl7.org/fhir/event-status",
      "version" : "5.0.0",
      "status" : "draft",
      "name" : "EventStatus",
      "title" : "EventStatus",
      "description" : "Codes identifying the lifecycle stage of an event.",
      "oids" : ["2.16.840.1.113883.4.642.4.110"],
      "uses" : {
      },
      "http://hl7.org/fhir/R5/valueset-event-status.html" : "EventStatus"
    },
    {
      "url" : "http://tecnomod-um.org/CodeSystem/assessment-context-cs",
      "version" : "0.1.0",
      "status" : "active",
      "name" : "AssessmentContextCS",
      "title" : "Assessment Context Code System",
      "description" : "This CodeSystem defines normalized codes for the **clinical context / relative timepoint** at which a stroke-related assessment is performed.\nIt is primarily used to contextualize instruments whose interpretation depends on phase (e.g., mRS/NIHSS at baseline vs discharge vs follow-up).\n\n**Primary use-case**\n- Use as the value in `ObservationTimingContextExtension.valueCodeableConcept` to label the phase of an assessment.\n\n**How it complements effective[x]**\n- `Observation.effective[x]` records the actual date/time (when known).\n- This CodeSystem records the standardized phase label used for reporting and comparability.\n\n**Why this is needed**\n- Many workflows report outcomes by phase even when the exact timestamp is unknown or operationally variable (“mRS at 90 days”).",
      "uses" : {
      },
      "ValueSet-assessment-context-vs.html" : "Assessment Context ValueSet"
    },
    {
      "url" : "http://tecnomod-um.org/CodeSystem/brain-imaging-type-cs",
      "version" : "0.1.0",
      "status" : "active",
      "name" : "BrainImagingTypeCS",
      "title" : "Brain Imaging Type Code System",
      "description" : "Codes specifying the type of brain imaging performed (e.g., CT, MRI).",
      "uses" : {
      },
      "ValueSet-brain-imaging-modality-vs.html" : "Brain Imaging Modality ValueSet"
    },
    {
      "url" : "http://tecnomod-um.org/CodeSystem/discharge-dept-cs",
      "version" : "0.1.0",
      "status" : "active",
      "name" : "DischargeDeptCS",
      "title" : "Discharge Department/Service Code System",
      "description" : "Code system specifying the type of department or service the patient was discharged or transferred to.",
      "uses" : {
      },
      "ValueSet-discharge-dept-vs.html" : "Discharge Department/Service ValueSet"
    },
    {
      "url" : "http://tecnomod-um.org/CodeSystem/hemorrhagic-stroke-bleeding-reason-cs",
      "version" : "0.1.0",
      "status" : "active",
      "name" : "HemorrhagicStrokeBleedingReasonCS",
      "title" : "Hemorrhagic Stroke Bleeding Reason Code System",
      "description" : "Codes indicating the reason for bleeding in hemorrhagic stroke cases.",
      "uses" : {
      },
      "ValueSet-hemorrhagic-stroke-bleeding-reason-vs.html" : "Hemorrhagic Stroke Bleeding Reason ValueSet"
    },
    {
      "url" : "http://tecnomod-um.org/CodeSystem/initial-care-intensity-cs",
      "version" : "0.1.0",
      "status" : "active",
      "name" : "InitialCareIntensityCS",
      "title" : "Initial Care Intensity Code System",
      "description" : "Codes indicating the level of care provided during the patient's initial day(s) in the hospital.",
      "uses" : {
      },
      "ValueSet-initial-care-intensity-vs.html" : "Initial Care Intensity ValueSet"
    },
    {
      "url" : "http://tecnomod-um.org/CodeSystem/medication-cs",
      "version" : "0.1.0",
      "status" : "draft",
      "name" : "MedicationCS",
      "title" : "Medications CodeSystem",
      "description" : "Codes for drug products or substances representing the Medications on the patient discharge.",
      "uses" : {
      },
      "ValueSet-medication-vs.html" : "Medications ValueSet"
    },
    {
      "url" : "http://tecnomod-um.org/CodeSystem/mrs-score-cs",
      "version" : "0.1.0",
      "status" : "active",
      "name" : "MRsScoreCS",
      "title" : "Modified Rankin Scale Score Code System",
      "description" : "This CodeSystem defines codes for the **modified Rankin Scale (mRS)**, an ordinal measure of global disability and functional outcome.\nScores range from 0 (no symptoms) to 5 (severe disability), with 6 indicating death.\n\n**Primary use-case**\n- Use as the coded result in `Observation.valueCodeableConcept` (bound via MRsScoreVS) when recording an mRS outcome.\n\n**Modeling notes**\n- mRS is a global disability scale and does not capture domain-specific limitations (mobility, ADLs, cognition).\n  Capture those via additional instruments/Observations when needed.\n- Method of ascertainment and assessor details should be recorded separately (e.g., Observation.method, performer, Provenance).",
      "uses" : {
      },
      "ValueSet-mrs-score-vs.html" : "Modified Rankin Scale (mRS) Score ValueSet"
    },
    {
      "url" : "http://tecnomod-um.org/CodeSystem/mtici-code-cs",
      "version" : "0.1.0",
      "status" : "active",
      "name" : "MTICICodeCS",
      "title" : "Modified Thrombolysis in Cerebral Infarction Assessment CodeSystem",
      "description" : "This CodeSystem defines the *assessment concept code* used to indicate that an Observation is reporting an mTICI reperfusion grade.\n\n**Design pattern**\n- `Observation.code` identifies the kind of assessment (“mTICI reperfusion grade”).\n- `Observation.valueCodeableConcept` carries the result (one of the grades in MticiScoreVS).",
      "uses" : {
      },
      "ValueSet-mtici-code-vs.html" : "Modified Thrombolysis in Cerebral Infarction Assessment ValueSet"
    },
    {
      "url" : "http://tecnomod-um.org/CodeSystem/mtici-score-cs",
      "version" : "0.1.0",
      "status" : "draft",
      "name" : "MticiScoreCS",
      "title" : "Modified Treatment in Cerebral Infarction Grade Score CodeSystem",
      "description" : "This CodeSystem defines the **modified Thrombolysis in Cerebral Infarction (mTICI)** reperfusion grade values.\nmTICI is an ordinal angiographic scale used to quantify the extent of reperfusion after endovascular therapy for acute ischemic stroke.\n\n**Primary use-case**\n- Use as the coded result in `Observation.valueCodeableConcept` (bound via MticiScoreVS) when recording the *final angiographic reperfusion grade*.\n\n**Modeling notes**\n- Represents the *final* reperfusion grade for the downstream ischemic territory (typically adjudicated from the final angiographic run).\n- Does not encode target vessel, device/technique, number of passes, timestamps, or adjudication workflow; capture those via Procedure, ImagingStudy, Observation.method, or additional Observations/Provenance.",
      "uses" : {
      },
      "ValueSet-mtici-score-vs.html" : "Modified Treatment in Cerebral Infarction Grade Score ValueSet"
    },
    {
      "url" : "http://tecnomod-um.org/CodeSystem/procedure-timing-context-cs",
      "version" : "0.1.0",
      "status" : "active",
      "name" : "ProcedureTimingContextCS",
      "title" : "Procedure Timing Context CodeSystem",
      "description" : "Local CodeSystem for classifying a procedure into a **timing context** relative to encounter start.\n\n**Primary use-case**\n- Normalize reporting into acute (<24h) vs post-acute (>=24h) phases for stroke process measures.\n\n\n**FHIR placement**\n- Used in `ProcedureTimingContextExtension` attached to Procedure.",
      "uses" : {
      },
      "ValueSet-procedure-timing-context-vs.html" : "Procedure Timing Context ValueSet"
    },
    {
      "url" : "http://tecnomod-um.org/CodeSystem/stroke-arrival-mode-cs",
      "version" : "0.1.0",
      "status" : "active",
      "name" : "StrokeArrivalModeCS",
      "title" : "Initial Care Intensity Code System",
      "description" : "Codes indicating the level of care provided during the patient's initial day(s) in the hospital.",
      "uses" : {
      },
      "ValueSet-stroke-arrival-mode-vs.html" : "Stroke Arrival Mode ValueSet"
    },
    {
      "url" : "http://tecnomod-um.org/CodeSystem/stroke-circumstance-codes-cs",
      "version" : "0.1.0",
      "status" : "active",
      "name" : "StrokeCircumstanceCodesCS",
      "title" : "Stroke Circumstance Codes CodeSystem",
      "description" : "This CodeSystem defines coded circumstances related to stroke symptom onset that are clinically relevant when onset time is unknown or atypical.\n\n**Primary use-case**\n- Use as `Observation.code` in `StrokeCircumstanceObservationProfile`.\n- Presence of the Observation asserts that the circumstance applies to the index stroke event.",
      "uses" : {
      },
      "ValueSet-stroke-circumstance-codes-vs.html" : "Stroke Circumstance Codes ValueSet"
    },
    {
      "url" : "http://tecnomod-um.org/CodeSystem/stroke-discharge-destination-cs",
      "version" : "0.1.0",
      "status" : "active",
      "name" : "StrokeDischargeDestinationCS",
      "title" : "Stroke Discharge Destination Code System",
      "description" : "Codes indicating the possible destinations of the patient upon discharge from the encounter.",
      "uses" : {
      },
      "ValueSet-stroke-discharge-destination-vs.html" : "Stroke Discharge Destination ValueSet"
    },
    {
      "url" : "http://tecnomod-um.org/CodeSystem/stroke-etiology-cs",
      "version" : "0.1.0",
      "status" : "active",
      "name" : "StrokeEtiologyCS",
      "title" : "Stroke Etiology Code System",
      "description" : "Codes indicating the etiology of strokes.",
      "uses" : {
      },
      "ValueSet-stroke-etiology-vs.html" : "Stroke Etiology ValueSet"
    },
    {
      "url" : "http://tecnomod-um.org/CodeSystem/stroke-proc-not-done-reason-cs",
      "version" : "0.1.0",
      "status" : "active",
      "name" : "StrokeProcNotDoneReasonCS",
      "title" : "Stroke Procedure Not Done Reasons CodeSystem",
      "description" : " Local CodeSystem enumerating standardized reasons why a key stroke procedure (e.g., IV thrombolysis or mechanical thrombectomy) was **not performed**.\n\n**Primary use-case**\n- Populate `Procedure.statusReason` when `Procedure.status = not-done`.\n\n**Why it matters**\n- Captures the difference between:\n  - clinical ineligibility (contraindication),\n  - time-based ineligibility (outside window),\n  - operational constraints (unavailable),\n  - patient choice (refusal),\n  - care pathway differences (performed elsewhere / transfer).",
      "uses" : {
      },
      "ValueSet-stroke-proc-not-done-reason-vs.html" : "Stroke Procedure Not Done Reason ValueSet"
    },
    {
      "url" : "http://tecnomod-um.org/CodeSystem/swallow-procedures-cs",
      "version" : "0.1.0",
      "status" : "active",
      "name" : "SwallowProceduresCS",
      "title" : "Swallow Procedures CodeSystem",
      "description" : "Local CodeSystem representing swallowing screening/assessment tools often documented by acronym or local naming.\n\n**FHIR placement**\n- Included in `SwallowProceduresVS` to be used in `Procedure.code`",
      "uses" : {
      },
      "ValueSet-swallow-procedures-vs.html" : "Swallow Procedures ValueSet"
    },
    {
      "url" : "http://tecnomod-um.org/CodeSystem/swallow-screen-time-cs",
      "version" : "0.1.0",
      "status" : "active",
      "name" : "SwallowScreenTimeCS",
      "title" : "Swallowing Screening Timing Category Code System",
      "description" : "Temporal categories relative to stroke onset for swallowing screening.",
      "uses" : {
      },
      "ValueSet-swallowing-screening-timing-category-vs.html" : "Swallowing Screening Timing Category ValueSet"
    },
    {
      "url" : "http://tecnomod-um.org/CodeSystem/thrombectomy-complication-cs",
      "version" : "0.1.0",
      "status" : "active",
      "name" : "ThrombectomyComplicationCS",
      "title" : "Thrombectomy Complication CodeSystem",
      "description" : "Local CodeSystem for complications occurring during mechanical thrombectomy.\n\n**When to use**\n- If you need a controlled internal vocabulary for adverse events/complications, especially when upstream systems do not provide SNOMED-coded diagnoses.\n\n**How it is used in FHIR R5**\n- Usually referenced from `Procedure.complication` which is a `CodeableReference(Condition)` in R5.\n- You may represent the complication as a `Condition` (preferred), and/or record a code directly depending on your implementation pattern.\n\n**Why it exists**\n- Supports minimum-set reporting across sites and enables consistent quality/safety analytics.",
      "uses" : {
      },
      "ValueSet-thrombectomy-complication-vs.html" : "Thrombectomy Complications ValueSet"
    },
    {
      "url" : "http://tecnomod-um.org/CodeSystem/timing-metric-codes-cs",
      "version" : "0.1.0",
      "status" : "active",
      "name" : "TimingMetricCodesCS",
      "title" : "Stroke Timing Metric Codes CodeSystem",
      "description" : "This CodeSystem defines codes for key **time-interval process metrics** in acute stroke care.\nEach code represents a duration measured between two clinically meaningful events (e.g., arrival to thrombolysis start).\n\n**Primary use-case**\n- Use as `Observation.code` in `TimingMetricObservationProfile`.\n- Store the measured interval in `Observation.valueQuantity` with UCUM minutes (`min`).",
      "uses" : {
      },
      "ValueSet-timing-metric-codes-vs.html" : "Stroke Timing Metric Codes ValueSet"
    }
  ]
}
