{
  "codeSystems" : [
    {
      "url" : "http://hl7.org/fhir/CodeSystem/medication-statement-adherence",
      "version" : "5.0.0",
      "status" : "active",
      "name" : "MedicationStatementAdherenceCodes",
      "title" : "MedicationStatement Adherence Codes",
      "description" : "MedicationStatement Adherence Codes",
      "oids" : ["2.16.840.1.113883.4.642.4.1981"],
      "uses" : {
      },
      "http://hl7.org/fhir/R5/valueset-medication-statement-adherence.html" : "MedicationStatement Adherence Codes"
    },
    {
      "url" : "http://hl7.org/fhir/event-status",
      "version" : "5.0.0",
      "status" : "draft",
      "name" : "EventStatus",
      "title" : "EventStatus",
      "description" : "Codes identifying the lifecycle stage of an event.",
      "oids" : ["2.16.840.1.113883.4.642.4.110"],
      "uses" : {
      },
      "http://hl7.org/fhir/R5/valueset-event-status.html" : "EventStatus"
    },
    {
      "url" : "http://tecnomod-um.org/CodeSystem/assessment-context-cs",
      "version" : "0.1.0",
      "status" : "active",
      "name" : "AssessmentContextCS",
      "title" : "Assessment Context Code System",
      "description" : "This CodeSystem defines normalized codes for the clinical context / relative timepoint at which a stroke-related assessment was performed. It is primarily used to contextualize functional and severity instruments (e.g., mRS and NIHSS) where interpretation depends on whether the score reflects baseline status, acute presentation, discharge status, or follow-up.\n\nThese codes represent *relative phases* (pre-stroke baseline, admission, discharge, ~3-month follow-up) rather than precise timestamps. The actual date/time of measurement should be recorded in Observation.effective[x] when known; the context code complements effective[x] by expressing the clinical phase, which is often necessary for reporting and comparability (e.g., “mRS pre-stroke” vs “mRS at discharge”).",
      "uses" : {
      },
      "ValueSet-assessment-context-vs.html" : "Assessment Context ValueSet"
    },
    {
      "url" : "http://tecnomod-um.org/CodeSystem/brain-imaging-type-cs",
      "version" : "0.1.0",
      "status" : "active",
      "name" : "BrainImagingTypeCS",
      "title" : "Brain Imaging Type Code System",
      "description" : "Codes specifying the type of brain imaging performed (e.g., CT, MRI).",
      "uses" : {
      },
      "ValueSet-brain-imaging-modality-vs.html" : "Brain Imaging Modality ValueSet"
    },
    {
      "url" : "http://tecnomod-um.org/CodeSystem/discharge-dept-cs",
      "version" : "0.1.0",
      "status" : "active",
      "name" : "DischargeDeptCS",
      "title" : "Discharge Department/Service Code System",
      "description" : "Code system specifying the type of department or service the patient was discharged or transferred to.",
      "uses" : {
      },
      "ValueSet-discharge-dept-vs.html" : "Discharge Department/Service ValueSet"
    },
    {
      "url" : "http://tecnomod-um.org/CodeSystem/hemorrhagic-stroke-bleeding-reason-cs",
      "version" : "0.1.0",
      "status" : "active",
      "name" : "HemorrhagicStrokeBleedingReasonCS",
      "title" : "Hemorrhagic Stroke Bleeding Reason Code System",
      "description" : "Codes indicating the reason for bleeding in hemorrhagic stroke cases.",
      "uses" : {
      },
      "ValueSet-hemorrhagic-stroke-bleeding-reason-vs.html" : "Hemorrhagic Stroke Bleeding Reason ValueSet"
    },
    {
      "url" : "http://tecnomod-um.org/CodeSystem/initial-care-intensity-cs",
      "version" : "0.1.0",
      "status" : "active",
      "name" : "InitialCareIntensityCS",
      "title" : "Initial Care Intensity Code System",
      "description" : "Codes indicating the level of care provided during the patient's initial day(s) in the hospital.",
      "uses" : {
      },
      "ValueSet-initial-care-intensity-vs.html" : "Initial Care Intensity ValueSet"
    },
    {
      "url" : "http://tecnomod-um.org/CodeSystem/medication-cs",
      "version" : "0.1.0",
      "status" : "draft",
      "name" : "MedicationCS",
      "title" : "Medications CodeSystem",
      "description" : "Codes for drug products or substances representing the Medications on the patient discharge.",
      "uses" : {
      },
      "ValueSet-medication-vs.html" : "Medications ValueSet"
    },
    {
      "url" : "http://tecnomod-um.org/CodeSystem/mrs-score-cs",
      "version" : "0.1.0",
      "status" : "active",
      "name" : "MRsScoreCS",
      "title" : "Modified Rankin Scale Score Code System",
      "description" : "This CodeSystem defines codes for the modified Rankin Scale (mRS), an ordinal measure of global disability and functional outcome widely used in stroke care and research. mRS grades functional status from 0 (no symptoms) through 5 (severe disability), with 6 indicating death.\n\nWithin this implementation guide, mRS is intended to be captured as Observation.valueCodeableConcept (bound to the MRsScoreVS ValueSet), with the assessment timepoint represented explicitly (e.g., via effective[x]) and/or via an assessment context indicator (e.g., pre-stroke baseline, discharge, ~90-day follow-up). This supports standard reporting (e.g., “mRS at 90 days”), comparability across sites, and consistent downstream analytics.\n\nScope and modeling notes:\n- mRS is a coarse, global disability scale; it does not encode detailed domain-specific functional limitations (mobility, cognition, ADLs) which should be captured via additional instruments/Observations if required.\n- The CodeSystem defines only the *score*; method of ascertainment (in-person, telephone, structured interview) and assessor details should be captured separately when relevant.",
      "uses" : {
      },
      "ValueSet-mrs-score-vs.html" : "Modified Rankin Scale (mRS) Score ValueSet"
    },
    {
      "url" : "http://tecnomod-um.org/CodeSystem/mtici-code-cs",
      "version" : "0.1.0",
      "status" : "active",
      "name" : "MTICICodeCS",
      "title" : "Modified Thrombolysis in Cerebral Infarction Assessment CodeSystem",
      "description" : "This CodeSystem defines the assessment concept code(s) used to indicate that an Observation is reporting an mTICI reperfusion grade. It is intentionally separated from the MticiScoreCS CodeSystem, which contains the actual mTICI grade values (0–3 with 2a/2b/2c).\n\nIn practice:\n- Observation.code identifies the *kind of measurement/assessment* (“mTICI reperfusion grade”).\n- Observation.valueCodeableConcept carries the *result* (one of the mTICI grades from MticiScoreVS).\n\nThis separation improves semantic clarity and supports consistent validation and analytics across systems.",
      "uses" : {
      },
      "ValueSet-mtici-code-vs.html" : "Modified Thrombolysis in Cerebral Infarction Assessment ValueSet"
    },
    {
      "url" : "http://tecnomod-um.org/CodeSystem/mtici-score-cs",
      "version" : "0.1.0",
      "status" : "draft",
      "name" : "MticiScoreCS",
      "title" : "MTICI Score Code System",
      "description" : "This CodeSystem defines codes for the modified Treatment in Cerebral Ischemia / modified Thrombolysis in Cerebral Infarction (mTICI) reperfusion grade. mTICI is an ordinal angiographic scale used to quantify the extent of antegrade reperfusion of the downstream ischemic territory after endovascular therapy for acute ischemic stroke (e.g., mechanical thrombectomy).\n\nThe scale ranges from 0 (no perfusion) to 3 (complete reperfusion), with 2a/2b/2c subgrades to distinguish partial, substantial, and near-complete reperfusion. These codes are intended for consistent, interoperable capture in HL7® FHIR® resources—most commonly Observation.valueCodeableConcept—supporting procedural documentation, registry submission, audit/quality improvement, and research.\n\nScope and modeling notes:\n- This CodeSystem represents the *final* angiographic reperfusion grade for the target downstream territory, typically assigned from the final post-procedural angiographic run (commonly DSA).\n- It does not encode target vessel location, imaging modality details, timestamps, technique/device, number of passes, collateral status, or adjudication process; those elements should be recorded separately (e.g., Procedure, ImagingStudy, Observation.method, extensions).\n- Any local definition of “successful reperfusion” (often operationalized as mTICI ≥ 2b, depending on protocol) should be implemented via ValueSets, rules, or reporting logic without altering code meanings.",
      "uses" : {
      },
      "ValueSet-mtici-score-vs.html" : "MTICI Score ValueSet"
    },
    {
      "url" : "http://tecnomod-um.org/CodeSystem/procedure-timing-context-cs",
      "version" : "0.1.0",
      "status" : "active",
      "name" : "ProcedureTimingContextCS",
      "title" : "Procedure Timing Context Code System",
      "description" : "Codes defining the timing phase of a procedure relative to the encounter start (e.g., acute vs. post-acute).",
      "uses" : {
      },
      "ValueSet-procedure-timing-context-vs.html" : "Procedure Timing Context ValueSet"
    },
    {
      "url" : "http://tecnomod-um.org/CodeSystem/stroke-arrival-mode-cs",
      "version" : "0.1.0",
      "status" : "active",
      "name" : "StrokeArrivalModeCS",
      "title" : "Initial Care Intensity Code System",
      "description" : "Codes indicating the level of care provided during the patient's initial day(s) in the hospital.",
      "uses" : {
      },
      "ValueSet-stroke-arrival-mode-vs.html" : "Stroke Arrival Mode ValueSet"
    },
    {
      "url" : "http://tecnomod-um.org/CodeSystem/stroke-circumstance-codes-cs",
      "version" : "0.1.0",
      "status" : "active",
      "name" : "StrokeCircumstanceCodesCS",
      "title" : "Stroke Circumstance Codes CodeSystem",
      "description" : " This CodeSystem defines coded circumstances related to stroke symptom onset that are clinically relevant for eligibility decisions, diagnostic reasoning, and reporting—particularly when the exact onset time is unknown or atypical.\n\nThese codes are intended to be used as Observation.code in the StrokeCircumstanceObservationProfile to assert that a given onset circumstance applies to the index stroke event. They do not encode the precise onset timestamp, last-known-well time, or location of onset; those details should be represented separately (e.g., dedicated Observations, Encounter/Condition attributes, or extensions).",
      "uses" : {
      },
      "ValueSet-stroke-circumstance-codes-vs.html" : "Stroke Circumstance Codes ValueSet"
    },
    {
      "url" : "http://tecnomod-um.org/CodeSystem/stroke-discharge-destination-cs",
      "version" : "0.1.0",
      "status" : "active",
      "name" : "StrokeDischargeDestinationCS",
      "title" : "Stroke Discharge Destination Code System",
      "description" : "Codes indicating the possible destinations of the patient upon discharge from the encounter.",
      "uses" : {
      },
      "ValueSet-stroke-discharge-destination-vs.html" : "Stroke Discharge Destination ValueSet"
    },
    {
      "url" : "http://tecnomod-um.org/CodeSystem/stroke-etiology-cs",
      "version" : "0.1.0",
      "status" : "active",
      "name" : "StrokeEtiologyCS",
      "title" : "Stroke Etiology Code System",
      "description" : "Codes indicating the etiology of strokes.",
      "uses" : {
      },
      "ValueSet-stroke-etiology-vs.html" : "Stroke Etiology ValueSet"
    },
    {
      "url" : "http://tecnomod-um.org/CodeSystem/stroke-proc-not-done-reason-cs",
      "version" : "0.1.0",
      "status" : "active",
      "name" : "StrokeProcNotDoneReasonCS",
      "title" : "Stroke Procedure Not Done Reason Code System",
      "description" : "Codes specifying the reason principal for not performing a key stroke procedure (Thrombolysis, Thrombectomy).",
      "uses" : {
      },
      "ValueSet-stroke-proc-not-done-reason-vs.html" : "Stroke Procedure Not Done Reason ValueSet"
    },
    {
      "url" : "http://tecnomod-um.org/CodeSystem/swallow-procedures-cs",
      "version" : "0.1.0",
      "status" : "active",
      "name" : "SwallowProceduresCS",
      "title" : "Swallow Procedures Code System",
      "description" : "Codes representing various swallowing assessment procedures.",
      "uses" : {
      },
      "ValueSet-swallow-procedures-vs.html" : "Swallow Procedures ValueSet"
    },
    {
      "url" : "http://tecnomod-um.org/CodeSystem/swallow-screen-time-cs",
      "version" : "0.1.0",
      "status" : "active",
      "name" : "SwallowScreenTimeCS",
      "title" : "Swallowing Screening Timing Category Code System",
      "description" : "Temporal categories relative to stroke onset for swallowing screening.",
      "uses" : {
      },
      "ValueSet-swallowing-screening-timing-category-vs.html" : "Swallowing Screening Timing Category ValueSet"
    },
    {
      "url" : "http://tecnomod-um.org/CodeSystem/timing-metric-codes-cs",
      "version" : "0.1.0",
      "status" : "active",
      "name" : "TimingMetricCodesCS",
      "title" : "Stroke Timing Metric Codes CodeSystem",
      "description" : "This CodeSystem defines codes for key time-interval process metrics in acute stroke care used for quality monitoring and pathway optimization. Each code represents a duration measured in minutes between two clinically meaningful events (e.g., hospital arrival to thrombolysis start).\n\nThese metrics are commonly used in performance dashboards, registry submissions, and quality improvement programs. The intent is to store the *measured interval* (a duration) in Observation.valueQuantity (UCUM minutes), while event timestamps (arrival time, needle time, groin puncture time) may be stored separately when available.",
      "uses" : {
      },
      "ValueSet-timing-metric-codes-vs.html" : "Stroke Timing Metric Codes ValueSet"
    }
  ]
}
