{
  "codeSystems" : [
    {
      "url" : "http://hl7.org/fhir/CodeSystem/medication-statement-adherence",
      "version" : "5.0.0",
      "status" : "active",
      "name" : "MedicationStatementAdherenceCodes",
      "title" : "MedicationStatement Adherence Codes",
      "description" : "MedicationStatement Adherence Codes",
      "oids" : ["2.16.840.1.113883.4.642.4.1981"],
      "uses" : {
      },
      "http://hl7.org/fhir/R5/valueset-medication-statement-adherence.html" : "MedicationStatement Adherence Codes"
    },
    {
      "url" : "http://hl7.org/fhir/event-status",
      "version" : "5.0.0",
      "status" : "draft",
      "name" : "EventStatus",
      "title" : "EventStatus",
      "description" : "Codes identifying the lifecycle stage of an event.",
      "oids" : ["2.16.840.1.113883.4.642.4.110"],
      "uses" : {
      },
      "http://hl7.org/fhir/R5/valueset-event-status.html" : "EventStatus"
    },
    {
      "url" : "http://tecnomod-um.org/CodeSystem/assessment-context-cs",
      "version" : "0.1.0",
      "status" : "active",
      "name" : "AssessmentContextCS",
      "title" : "Assessment Context Code System",
      "description" : "Codes defining the context or timing of a clinical assessment, particularly functional scores.",
      "uses" : {
      },
      "ValueSet-assessment-context-vs.html" : "Assessment Context ValueSet"
    },
    {
      "url" : "http://tecnomod-um.org/CodeSystem/brain-imaging-type-cs",
      "version" : "0.1.0",
      "status" : "active",
      "name" : "BrainImagingTypeCS",
      "title" : "Brain Imaging Type Code System",
      "description" : "Codes specifying the type of brain imaging performed (e.g., CT, MRI).",
      "uses" : {
      },
      "ValueSet-brain-imaging-modality-vs.html" : "Brain Imaging Modality ValueSet"
    },
    {
      "url" : "http://tecnomod-um.org/CodeSystem/discharge-dept-cs",
      "version" : "0.1.0",
      "status" : "active",
      "name" : "DischargeDeptCS",
      "title" : "Discharge Department/Service Code System",
      "description" : "Code system specifying the type of department or service the patient was discharged or transferred to.",
      "uses" : {
      },
      "ValueSet-discharge-dept-vs.html" : "Discharge Department/Service ValueSet"
    },
    {
      "url" : "http://tecnomod-um.org/CodeSystem/hemorrhagic-stroke-bleeding-reason-cs",
      "version" : "0.1.0",
      "status" : "active",
      "name" : "HemorrhagicStrokeBleedingReasonCS",
      "title" : "Hemorrhagic Stroke Bleeding Reason Code System",
      "description" : "Codes indicating the reason for bleeding in hemorrhagic stroke cases.",
      "uses" : {
      },
      "ValueSet-hemorrhagic-stroke-bleeding-reason-vs.html" : "Hemorrhagic Stroke Bleeding Reason ValueSet"
    },
    {
      "url" : "http://tecnomod-um.org/CodeSystem/initial-care-intensity-cs",
      "version" : "0.1.0",
      "status" : "active",
      "name" : "InitialCareIntensityCS",
      "title" : "Initial Care Intensity Code System",
      "description" : "Codes indicating the level of care provided during the patient's initial day(s) in the hospital.",
      "uses" : {
      },
      "ValueSet-initial-care-intensity-vs.html" : "Initial Care Intensity ValueSet"
    },
    {
      "url" : "http://tecnomod-um.org/CodeSystem/medication-cs",
      "version" : "0.1.0",
      "status" : "draft",
      "name" : "MedicationCS",
      "title" : "Medications CodeSystem",
      "description" : "Codes for drug products or substances representing the Medications on the patient discharge.",
      "uses" : {
      },
      "ValueSet-medication-vs.html" : "Medications ValueSet"
    },
    {
      "url" : "http://tecnomod-um.org/CodeSystem/mrs-score-cs",
      "version" : "0.1.0",
      "status" : "active",
      "name" : "MRsScoreCS",
      "title" : "modified Rankin Scale (mRS) Score Code System",
      "description" : "Codes representing the modified Rankin Scale (mRS) score for functional outcome.",
      "uses" : {
      },
      "ValueSet-mrs-score-vs.html" : "modified Rankin Scale (mRS) Score ValueSet"
    },
    {
      "url" : "http://tecnomod-um.org/CodeSystem/mtici-code-cs",
      "version" : "0.1.0",
      "status" : "active",
      "name" : "MTICICodeCS",
      "title" : "mTICI Score Codes CodeSystem",
      "description" : "Codes representing the mTICI score used to assess the degree of reperfusion after a thrombectomy procedure.",
      "uses" : {
      },
      "ValueSet-mtici-code-vs.html" : "mTICI Score Codes ValueSet"
    },
    {
      "url" : "http://tecnomod-um.org/CodeSystem/mtici-score-cs",
      "version" : "0.1.0",
      "status" : "draft",
      "name" : "MticiScoreCS",
      "title" : "MTICI Score Code System",
      "description" : "CodeSystem containing the codes to represent the MTICI score.",
      "uses" : {
      },
      "ValueSet-mtici-score-vs.html" : "MTICI Score ValueSet"
    },
    {
      "url" : "http://tecnomod-um.org/CodeSystem/procedure-timing-context-cs",
      "version" : "0.1.0",
      "status" : "active",
      "name" : "ProcedureTimingContextCS",
      "title" : "Procedure Timing Context Code System",
      "description" : "Codes defining the timing phase of a procedure relative to the encounter start (e.g., acute vs. post-acute).",
      "uses" : {
      },
      "ValueSet-procedure-timing-context-vs.html" : "Procedure Timing Context ValueSet"
    },
    {
      "url" : "http://tecnomod-um.org/CodeSystem/stroke-arrival-mode-cs",
      "version" : "0.1.0",
      "status" : "active",
      "name" : "StrokeArrivalModeCS",
      "title" : "Initial Care Intensity Code System",
      "description" : "Codes indicating the level of care provided during the patient's initial day(s) in the hospital.",
      "uses" : {
      },
      "ValueSet-stroke-arrival-mode-vs.html" : "Stroke Arrival Mode ValueSet"
    },
    {
      "url" : "http://tecnomod-um.org/CodeSystem/stroke-circumstance-codes-cs",
      "version" : "0.1.0",
      "status" : "active",
      "name" : "StrokeCircumstanceCodesCS",
      "title" : "Stroke Circumstance Codes CodeSystem",
      "description" : "Codes for findings related to the circumstances of stroke onset (In-hospital, Wake-up).",
      "uses" : {
      },
      "ValueSet-stroke-circumstance-codes-vs.html" : "Stroke Circumstance Codes ValueSet"
    },
    {
      "url" : "http://tecnomod-um.org/CodeSystem/stroke-discharge-destination-cs",
      "version" : "0.1.0",
      "status" : "active",
      "name" : "StrokeDischargeDestinationCS",
      "title" : "Stroke Discharge Destination Code System",
      "description" : "Codes indicating the possible destinations of the patient upon discharge from the encounter.",
      "uses" : {
      },
      "ValueSet-stroke-discharge-destination-vs.html" : "Stroke Discharge Destination ValueSet"
    },
    {
      "url" : "http://tecnomod-um.org/CodeSystem/stroke-etiology-cs",
      "version" : "0.1.0",
      "status" : "active",
      "name" : "StrokeEtiologyCS",
      "title" : "Stroke Etiology Code System",
      "description" : "Codes indicating the etiology of strokes.",
      "uses" : {
      },
      "ValueSet-stroke-etiology-vs.html" : "Stroke Etiology ValueSet"
    },
    {
      "url" : "http://tecnomod-um.org/CodeSystem/stroke-proc-not-done-reason-cs",
      "version" : "0.1.0",
      "status" : "active",
      "name" : "StrokeProcNotDoneReasonCS",
      "title" : "Stroke Procedure Not Done Reason Code System",
      "description" : "Codes specifying the reason principal for not performing a key stroke procedure (Thrombolysis, Thrombectomy).",
      "uses" : {
      },
      "ValueSet-stroke-proc-not-done-reason-vs.html" : "Stroke Procedure Not Done Reason ValueSet"
    },
    {
      "url" : "http://tecnomod-um.org/CodeSystem/swallow-procedures-cs",
      "version" : "0.1.0",
      "status" : "active",
      "name" : "SwallowProceduresCS",
      "title" : "Swallow Procedures Code System",
      "description" : "Codes representing various swallowing assessment procedures.",
      "uses" : {
      },
      "ValueSet-swallow-procedures-vs.html" : "Swallow Procedures ValueSet"
    },
    {
      "url" : "http://tecnomod-um.org/CodeSystem/swallow-screen-time-cs",
      "version" : "0.1.0",
      "status" : "active",
      "name" : "SwallowScreenTimeCS",
      "title" : "Swallowing Screening Timing Category Code System",
      "description" : "Temporal categories relative to stroke onset for swallowing screening.",
      "uses" : {
      },
      "ValueSet-swallowing-screening-timing-category-vs.html" : "Swallowing Screening Timing Category ValueSet"
    },
    {
      "url" : "http://tecnomod-um.org/CodeSystem/timing-metric-codes-cs",
      "version" : "0.1.0",
      "status" : "active",
      "name" : "TimingMetricCodesCS",
      "title" : "Stroke Timing Metric Codes ValueSet",
      "description" : "Codes for key process timing metrics in acute stroke care (D2N, D2G).",
      "uses" : {
      },
      "ValueSet-timing-metric-codes-vs.html" : "Stroke Timing Metric Codes ValueSet"
    }
  ]
}
