{
  "resourceType" : "CodeSystem",
  "id" : "hemorrhagic-stroke-bleeding-reason-cs",
  "text" : {
    "status" : "generated",
    "div" : "<div xmlns=\"http://www.w3.org/1999/xhtml\"><p class=\"res-header-id\"><b>Generated Narrative: CodeSystem hemorrhagic-stroke-bleeding-reason-cs</b></p><a name=\"hemorrhagic-stroke-bleeding-reason-cs\"> </a><a name=\"hchemorrhagic-stroke-bleeding-reason-cs\"> </a><p>This case-insensitive code system <code>http://tecnomod-um.org/CodeSystem/hemorrhagic-stroke-bleeding-reason-cs</code> defines the following code:</p><table class=\"codes\"><tr><td style=\"white-space:nowrap\"><b>Code</b></td><td><b>Display</b></td><td><b>Definition</b></td></tr><tr><td style=\"white-space:nowrap\">other<a name=\"hemorrhagic-stroke-bleeding-reason-cs-other\"> </a></td><td>Bleeding Reason Other</td><td>Another, less common or unspecified cause of intracranial hemorrhage was identified</td></tr></table></div>"
  },
  "url" : "http://tecnomod-um.org/CodeSystem/hemorrhagic-stroke-bleeding-reason-cs",
  "version" : "0.1.0",
  "name" : "HemorrhagicStrokeBleedingReasonCS",
  "title" : "Hemorrhagic Stroke Bleeding Reason Code System",
  "status" : "active",
  "experimental" : false,
  "date" : "2025-10-07",
  "publisher" : "UMU",
  "contact" : [{
    "name" : "UMU",
    "telecom" : [{
      "system" : "url",
      "value" : "http://tecnomod-um.org"
    }]
  }],
  "description" : "Codes indicating the reason for bleeding in hemorrhagic stroke cases.",
  "purpose" : "To provide locally governed codes for the identified cause of bleeding in hemorrhagic stroke.",
  "copyright" : "© Tecnomod. This CodeSystem is provided for use within this Implementation Guide.",
  "caseSensitive" : false,
  "content" : "complete",
  "count" : 1,
  "concept" : [{
    "code" : "other",
    "display" : "Bleeding Reason Other",
    "definition" : "Another, less common or unspecified cause of intracranial hemorrhage was identified"
  }]
}