{
  "resourceType" : "CodeSystem",
  "id" : "timing-metric-codes-cs",
  "text" : {
    "status" : "generated",
    "div" : "<div xmlns=\"http://www.w3.org/1999/xhtml\"><p class=\"res-header-id\"><b>Generated Narrative: CodeSystem timing-metric-codes-cs</b></p><a name=\"timing-metric-codes-cs\"> </a><a name=\"hctiming-metric-codes-cs\"> </a><p>This  code system <code>http://tecnomod-um.org/CodeSystem/timing-metric-codes-cs</code> defines the following codes:</p><table class=\"codes\"><tr><td style=\"white-space:nowrap\"><b>Code</b></td><td><b>Display</b></td><td><b>Definition</b></td></tr><tr><td style=\"white-space:nowrap\">D2G<a name=\"timing-metric-codes-cs-D2G\"> </a></td><td>Door to Groin</td><td>Elapsed time (minutes) from documented hospital arrival (‘door’) to arterial groin puncture for mechanical thrombectomy (first puncture attempt).</td></tr><tr><td style=\"white-space:nowrap\">D2N<a name=\"timing-metric-codes-cs-D2N\"> </a></td><td>Door to Needle</td><td>Elapsed time (minutes) from documented hospital arrival (‘door’) to initiation of intravenous thrombolysis (commonly alteplase/tenecteplase administration start, per local definition).</td></tr></table></div>"
  },
  "url" : "http://tecnomod-um.org/CodeSystem/timing-metric-codes-cs",
  "version" : "1.0.0",
  "name" : "TimingMetricCodesCS",
  "title" : "Stroke Timing Metric Codes CodeSystem",
  "status" : "active",
  "date" : "2026-02-20T10:31:35+00:00",
  "publisher" : "UMU",
  "contact" : [{
    "name" : "UMU",
    "telecom" : [{
      "system" : "url",
      "value" : "http://tecnomod-um.org"
    }]
  }],
  "description" : "This CodeSystem defines codes for key **time-interval process metrics** in acute stroke care.\nEach code represents a duration measured between two clinically meaningful events (e.g., arrival to thrombolysis start).\n\n**Primary use-case**\n- Use as `Observation.code` in `TimingMetricObservationProfile`.\n- Store the measured interval in `Observation.valueQuantity` with UCUM minutes (`min`).",
  "content" : "complete",
  "count" : 2,
  "concept" : [{
    "code" : "D2G",
    "display" : "Door to Groin",
    "definition" : "Elapsed time (minutes) from documented hospital arrival (‘door’) to arterial groin puncture for mechanical thrombectomy (first puncture attempt)."
  },
  {
    "code" : "D2N",
    "display" : "Door to Needle",
    "definition" : "Elapsed time (minutes) from documented hospital arrival (‘door’) to initiation of intravenous thrombolysis (commonly alteplase/tenecteplase administration start, per local definition)."
  }]
}