<?xml version="1.0" encoding="UTF-8"?>

<CodeSystem xmlns="http://hl7.org/fhir">
  <id value="swallow-screen-time-cs"/>
  <text>
    <status value="generated"/><div xmlns="http://www.w3.org/1999/xhtml"><p class="res-header-id"><b>Generated Narrative: CodeSystem swallow-screen-time-cs</b></p><a name="swallow-screen-time-cs"> </a><a name="hcswallow-screen-time-cs"> </a><p>This case-insensitive code system <code>http://tecnomod-um.org/CodeSystem/swallow-screen-time-cs</code> defines the following code:</p><table class="codes"><tr><td style="white-space:nowrap"><b>Code</b></td><td><b>Display</b></td><td><b>Definition</b></td></tr><tr><td style="white-space:nowrap">T4H<a name="swallow-screen-time-cs-T4H"> </a></td><td>Within 4 hours</td><td>Screening performed within 4 hours of symptom onset.</td></tr></table></div>
  </text>
  <url value="http://tecnomod-um.org/CodeSystem/swallow-screen-time-cs"/>
  <version value="0.1.0"/>
  <name value="SwallowScreenTimeCS"/>
  <title value="Swallowing Screening Timing Category Code System"/>
  <status value="active"/>
  <experimental value="true"/>
  <date value="2026-02-17T08:49:13+00:00"/>
  <publisher value="UMU"/>
  <contact>
    <name value="UMU"/>
    <telecom>
      <system value="url"/>
      <value value="http://tecnomod-um.org"/>
    </telecom>
  </contact>
  <description value="Temporal categories relative to stroke onset for swallowing screening."/>
  <caseSensitive value="false"/>
  <content value="complete"/>
  <count value="1"/>
  <concept>
    <code value="T4H"/>
    <display value="Within 4 hours"/>
    <definition value="Screening performed within 4 hours of symptom onset."/>
  </concept>
</CodeSystem>