<?xml version="1.0" encoding="UTF-8"?>

<CodeSystem xmlns="http://hl7.org/fhir">
  <id value="timing-metric-codes-cs"/>
  <text>
    <status value="generated"/><div xmlns="http://www.w3.org/1999/xhtml"><p class="res-header-id"><b>Generated Narrative: CodeSystem timing-metric-codes-cs</b></p><a name="timing-metric-codes-cs"> </a><a name="hctiming-metric-codes-cs"> </a><p>This  code system <code>http://tecnomod-um.org/CodeSystem/timing-metric-codes-cs</code> defines the following codes:</p><table class="codes"><tr><td style="white-space:nowrap"><b>Code</b></td><td><b>Display</b></td><td><b>Definition</b></td></tr><tr><td style="white-space:nowrap">D2G<a name="timing-metric-codes-cs-D2G"> </a></td><td>Door to Groin</td><td>Elapsed time (minutes) from documented hospital arrival (‘door’) to arterial groin puncture for mechanical thrombectomy (first puncture attempt).</td></tr><tr><td style="white-space:nowrap">D2N<a name="timing-metric-codes-cs-D2N"> </a></td><td>Door to Needle</td><td>Elapsed time (minutes) from documented hospital arrival (‘door’) to initiation of intravenous thrombolysis (commonly alteplase/tenecteplase administration start, per local definition).</td></tr></table></div>
  </text>
  <url value="http://tecnomod-um.org/CodeSystem/timing-metric-codes-cs"/>
  <version value="0.1.0"/>
  <name value="TimingMetricCodesCS"/>
  <title value="Stroke Timing Metric Codes ValueSet"/>
  <status value="active"/>
  <date value="2026-02-19T08:12:22+00:00"/>
  <publisher value="UMU"/>
  <contact>
    <name value="UMU"/>
    <telecom>
      <system value="url"/>
      <value value="http://tecnomod-um.org"/>
    </telecom>
  </contact>
  <description value="This CodeSystem defines codes for key time-interval process metrics in acute stroke care used for quality monitoring and pathway optimization. Each code represents a duration measured in minutes between two clinically meaningful events (e.g., hospital arrival to thrombolysis start).&#xA;&#xA;These metrics are commonly used in performance dashboards, registry submissions, and quality improvement programs. The intent is to store the *measured interval* (a duration) in Observation.valueQuantity (UCUM minutes), while event timestamps (arrival time, needle time, groin puncture time) may be stored separately when available.&#xA;&#xA;Implementation note: Exact operational definitions can vary by institution (e.g., “needle time” as alteplase bolus vs infusion start; “door time” as ED arrival vs triage time). Implementers should align local measurement definitions and document them (e.g., in metadata, profiles, or implementation guidance) to ensure comparability across sites."/>
  <content value="complete"/>
  <count value="2"/>
  <concept>
    <code value="D2G"/>
    <display value="Door to Groin"/>
    <definition value="Elapsed time (minutes) from documented hospital arrival (‘door’) to arterial groin puncture for mechanical thrombectomy (first puncture attempt)."/>
  </concept>
  <concept>
    <code value="D2N"/>
    <display value="Door to Needle"/>
    <definition value="Elapsed time (minutes) from documented hospital arrival (‘door’) to initiation of intravenous thrombolysis (commonly alteplase/tenecteplase administration start, per local definition)."/>
  </concept>
</CodeSystem>