<?xml version="1.0" encoding="UTF-8"?>

<Encounter xmlns="http://hl7.org/fhir">
  <id value="StrokeEncounterExample"/>
  <meta>
    <profile value="http://tecnomod-um.org/StructureDefinition/stroke-encounter-profile"/>
  </meta>
  <text>
    <status value="extensions"/><div xmlns="http://www.w3.org/1999/xhtml"><p class="res-header-id"><b>Generated Narrative: Encounter StrokeEncounterExample</b></p><a name="StrokeEncounterExample"> </a><a name="hcStrokeEncounterExample"> </a><div style="display: inline-block; background-color: #d9e0e7; padding: 6px; margin: 4px; border: 1px solid #8da1b4; border-radius: 5px; line-height: 60%"><p style="margin-bottom: 0px"/><p style="margin-bottom: 0px">Profile: <a href="StructureDefinition-stroke-encounter-profile.html">Stroke Encounter Profile</a></p></div><p><b>First Hospital Indicator Extension</b>: true</p><p><b>Initial Care Intensity Extension</b>: <span title="Codes:{http://tecnomod-um.org/CodeSystem/initial-care-intensity-cs icu-stroke}">ICU / Stroke Unit</span></p><p><b>Required Post-Acute Care Extension</b>: false</p><p><b>Discharge Department/Service Extension</b>: <span title="Codes:{http://tecnomod-um.org/CodeSystem/discharge-dept-cs neurology}">Neurology</span></p><p><b>status</b>: Completed</p><p><b>type</b>: <span title="Codes:">Inpatient Encounter</span></p><p><b>subject</b>: <a href="Patient-example-patient.html">Anonymous Patient (no stated gender), DoB Unknown</a></p><p><b>actualPeriod</b>: 2025-03-01 08:00:00+0000 --&gt; 2025-03-10 12:00:00+0000</p><h3>Admissions</h3><table class="grid"><tr><td style="display: none">-</td><td><b>AdmitSource</b></td><td><b>DischargeDisposition</b></td></tr><tr><td style="display: none">*</td><td><span title="Codes:{http://tecnomod-um.org/CodeSystem/stroke-arrival-mode-cs ems-home}">EMS from Home</span></td><td><span title="Codes:{http://snomed.info/sct 306689006}">Discharge to home (procedure)</span></td></tr></table></div>
  </text>
  <extension url="http://tecnomod-um.org/StructureDefinition/first-hospital-ext">
    <valueBoolean value="true"/>
  </extension>
  <extension url="http://tecnomod-um.org/StructureDefinition/initial-care-intensity-ext">
    <valueCodeableConcept>
      <coding>
        <system value="http://tecnomod-um.org/CodeSystem/initial-care-intensity-cs"/>
        <code value="icu-stroke"/>
        <display value="ICU / Stroke Unit"/>
      </coding>
    </valueCodeableConcept>
  </extension>
  <extension url="http://tecnomod-um.org/StructureDefinition/required-post-acute-care-ext">
    <valueBoolean value="false"/>
  </extension>
  <extension url="http://tecnomod-um.org/StructureDefinition/discharge-department-service-ext">
    <valueCodeableConcept>
      <coding>
        <system value="http://tecnomod-um.org/CodeSystem/discharge-dept-cs"/>
        <code value="neurology"/>
        <display value="Neurology"/>
      </coding>
    </valueCodeableConcept>
  </extension>
  <status value="completed"/>
  <type>
    <coding>
      <code value="inpatient"/>
      <display value="Inpatient Encounter"/>
    </coding>
  </type>
  <subject>
    <reference value="Patient/example-patient"/>
  </subject>
  <actualPeriod>
    <start value="2025-03-01T08:00:00Z"/>
    <end value="2025-03-10T12:00:00Z"/>
  </actualPeriod>
  <admission>
    <admitSource>
      <coding>
        <system value="http://tecnomod-um.org/CodeSystem/stroke-arrival-mode-cs"/>
        <code value="ems-home"/>
        <display value="EMS from Home"/>
      </coding>
    </admitSource>
    <dischargeDisposition>
      <coding>
        <system value="http://snomed.info/sct"/>
        <code value="306689006"/>
        <display value="Discharge to home (procedure)"/>
      </coding>
    </dischargeDisposition>
  </admission>
</Encounter>