{
  "resourceType" : "MedicationRequest",
  "id" : "discharge-medication-request-001",
  "meta" : {
    "profile" : ["http://tecnomod-um.org/StructureDefinition/discharge-medication-request-profile"]
  },
  "text" : {
    "status" : "generated",
    "div" : "<div xmlns=\"http://www.w3.org/1999/xhtml\"><p class=\"res-header-id\"><b>Generated Narrative: MedicationRequest discharge-medication-request-001</b></p><a name=\"discharge-medication-request-001\"> </a><a name=\"hcdischarge-medication-request-001\"> </a><div style=\"display: inline-block; background-color: #d9e0e7; padding: 6px; margin: 4px; border: 1px solid #8da1b4; border-radius: 5px; line-height: 60%\"><p style=\"margin-bottom: 0px\"/><p style=\"margin-bottom: 0px\">Profile: <a href=\"StructureDefinition-discharge-medication-request-profile.html\">Discharge MedicationRequest Profile</a></p></div><p><b>status</b>: Active</p><p><b>intent</b>: Order</p><p><b>category</b>: <span title=\"Codes:{http://terminology.hl7.org/CodeSystem/medicationrequest-admin-location community}\">Community</span></p><h3>Medications</h3><table class=\"grid\"><tr><td style=\"display: none\">-</td><td><b>Concept</b></td></tr><tr><td style=\"display: none\">*</td><td><span title=\"Codes:{http://snomed.info/sct 372756006}\">Warfarin (substance)</span></td></tr></table><p><b>subject</b>: <a href=\"Patient-example-patient.html\">Anonymous Patient (no stated gender), DoB Unknown</a></p><p><b>encounter</b>: <a href=\"Encounter-StrokeEncounterExample.html\">Encounter: extension = true,ICU / Stroke Unit,false,Neurology; status = completed; type = Inpatient Encounter; actualPeriod = 2025-03-01 08:00:00+0000 --&gt; 2025-03-10 12:00:00+0000</a></p></div>"
  },
  "status" : "active",
  "intent" : "order",
  "category" : [{
    "coding" : [{
      "system" : "http://terminology.hl7.org/CodeSystem/medicationrequest-admin-location",
      "code" : "community"
    }]
  }],
  "medication" : {
    "concept" : {
      "coding" : [{
        "system" : "http://snomed.info/sct",
        "code" : "372756006",
        "display" : "Warfarin (substance)"
      }]
    }
  },
  "subject" : {
    "reference" : "Patient/example-patient"
  },
  "encounter" : {
    "reference" : "Encounter/StrokeEncounterExample"
  }
}