{
  "package": "RES-Q-FHIR-IG",
  "version": "0.1.0",
  "fhirVersion": "5.0.0",
  "extensions": [
    {
      "url": "http://tecnomod-um.org/StructureDefinition/discharge-department-service-ext",
      "title": "Discharge Department/Service Extension",
      "types": [
        "CodeableConcept"
      ]
    },
    {
      "url": "http://tecnomod-um.org/StructureDefinition/first-hospital-ext",
      "title": "First Hospital Indicator Extension",
      "types": [
        "boolean"
      ]
    },
    {
      "url": "http://tecnomod-um.org/StructureDefinition/gender-snomed-ext",
      "title": "Gender (SNOMED CT)",
      "types": [
        "CodeableConcept"
      ]
    },
    {
      "url": "http://tecnomod-um.org/StructureDefinition/hemorrhagic-stroke-bleeding-reason-ext",
      "title": "Hemorrhagic Stroke – Bleeding Reason",
      "types": [
        "CodeableConcept"
      ]
    },
    {
      "url": "http://tecnomod-um.org/StructureDefinition/initial-care-intensity-ext",
      "title": "Initial Care Intensity Extension",
      "types": [
        "CodeableConcept"
      ]
    },
    {
      "url": "http://tecnomod-um.org/StructureDefinition/ischemic-stroke-etiology-ext",
      "title": "Ischemic Stroke – Etiology",
      "types": [
        "CodeableConcept"
      ]
    },
    {
      "url": "http://tecnomod-um.org/StructureDefinition/observation-timing-context-ext",
      "title": "Observation Timing Context Extension",
      "types": [
        "CodeableConcept"
      ]
    },
    {
      "url": "http://tecnomod-um.org/StructureDefinition/onset-date-ext",
      "title": "Stroke Symptom Onset Date Extension",
      "types": [
        "date"
      ]
    },
    {
      "url": "http://tecnomod-um.org/StructureDefinition/onset-time-ext",
      "title": "Stroke Symptom Onset Time Extension",
      "types": [
        "time"
      ]
    },
    {
      "url": "http://tecnomod-um.org/StructureDefinition/patient-age-ext",
      "title": "Patient Age (integer)",
      "types": [
        "integer"
      ]
    },
    {
      "url": "http://tecnomod-um.org/StructureDefinition/procedure-timing-context-ext",
      "title": "Procedure Timing Context Extension",
      "types": [
        "CodeableConcept"
      ]
    },
    {
      "url": "http://tecnomod-um.org/StructureDefinition/required-post-acute-care-ext",
      "title": "Required Post-Acute Care Extension",
      "types": [
        "boolean"
      ]
    },
    {
      "url": "http://tecnomod-um.org/StructureDefinition/swallowing-screening-timing-category-ext",
      "title": "Swallowing Screening Timing Category Extension",
      "types": [
        "CodeableConcept"
      ]
    }
  ],
  "profiles": {
    "Observation": [
      {
        "url": "http://tecnomod-um.org/StructureDefinition/timing-metric-observation-profile",
        "title": "Stroke Timing Metric Observation Profile (R5)"
      },
      {
        "url": "http://tecnomod-um.org/StructureDefinition/vital-sign-observation-profile",
        "title": "Stroke Vital Sign Observation Profile"
      }
    ],
    "MedicationRequest": [
      {
        "url": "http://tecnomod-um.org/StructureDefinition/discharge-medication-request-profile",
        "title": "Discharge MedicationRequest Profile"
      }
    ],
    "Patient": [
      {
        "url": "http://tecnomod-um.org/StructureDefinition/patient-age-gender-snomed-profile",
        "title": "Patient with SNOMED Gender and Age (extensions)"
      }
    ],
    "MedicationStatement": [
      {
        "url": "http://tecnomod-um.org/StructureDefinition/prior-medication-statement-profile",
        "title": "Prior MedicationStatement Profile"
      }
    ],
    "Procedure": [
      {
        "url": "http://tecnomod-um.org/StructureDefinition/stroke-swallow-procedure-profile",
        "title": "Stroke Swallow Procedure Profile"
      }
    ],
    "Condition": [
      {
        "url": "http://tecnomod-um.org/StructureDefinition/stroke-risk-factor-condition-profile",
        "title": "Stroke Risk Factor Condition Profile"
      }
    ],
    "Encounter": [
      {
        "url": "http://tecnomod-um.org/StructureDefinition/stroke-encounter-profile",
        "title": "Stroke Encounter Profile"
      }
    ],
    "Organization": [
      {
        "url": "http://tecnomod-um.org/StructureDefinition/stroke-registry-organization-profile",
        "title": "Stroke Registry Organization Profile"
      }
    ]
  },
  "usage": {
    "http://hl7.org/fhir/StructureDefinition/elementdefinition-bestpractice": [
      "StructureDefinition.snapshot.element.constraint"
    ],
    "http://hl7.org/fhir/StructureDefinition/elementdefinition-bestpractice-explanation": [
      "StructureDefinition.snapshot.element.constraint"
    ],
    "http://hl7.org/fhir/StructureDefinition/elementdefinition-bindingName": [
      "StructureDefinition.snapshot.element.binding"
    ],
    "http://hl7.org/fhir/StructureDefinition/elementdefinition-translatable": [
      "StructureDefinition.snapshot.element"
    ],
    "http://hl7.org/fhir/StructureDefinition/structuredefinition-display-hint": [
      "StructureDefinition.snapshot.element"
    ],
    "http://hl7.org/fhir/StructureDefinition/structuredefinition-fhir-type": [
      "StructureDefinition.snapshot.element.type"
    ],
    "http://hl7.org/fhir/StructureDefinition/structuredefinition-hierarchy": [
      "StructureDefinition.snapshot.element.type"
    ],
    "http://hl7.org/fhir/StructureDefinition/structuredefinition-type-characteristics": [
      "StructureDefinition"
    ],
    "http://hl7.org/fhir/tools/StructureDefinition/ig-internal-dependency": [
      "ImplementationGuide.definition"
    ],
    "http://hl7.org/fhir/tools/StructureDefinition/implementationguide-dependency-comment": [
      "ImplementationGuide.dependsOn"
    ],
    "http://hl7.org/fhir/tools/StructureDefinition/resource-information": [
      "ImplementationGuide.definition.resource"
    ],
    "http://hl7.org/fhir/tools/StructureDefinition/snapshot-base-version": [
      "StructureDefinition.snapshot"
    ],
    "http://tecnomod-um.org/StructureDefinition/discharge-department-service-ext": [
      "Encounter"
    ],
    "http://tecnomod-um.org/StructureDefinition/first-hospital-ext": [
      "Encounter"
    ],
    "http://tecnomod-um.org/StructureDefinition/gender-snomed-ext": [
      "Patient"
    ],
    "http://tecnomod-um.org/StructureDefinition/hemorrhagic-stroke-bleeding-reason-ext": [
      "Condition"
    ],
    "http://tecnomod-um.org/StructureDefinition/initial-care-intensity-ext": [
      "Encounter"
    ],
    "http://tecnomod-um.org/StructureDefinition/ischemic-stroke-etiology-ext": [
      "Condition"
    ],
    "http://tecnomod-um.org/StructureDefinition/observation-timing-context-ext": [
      "Observation"
    ],
    "http://tecnomod-um.org/StructureDefinition/onset-date-ext": [
      "Condition"
    ],
    "http://tecnomod-um.org/StructureDefinition/onset-time-ext": [
      "Condition"
    ],
    "http://tecnomod-um.org/StructureDefinition/patient-age-ext": [
      "Patient"
    ],
    "http://tecnomod-um.org/StructureDefinition/procedure-timing-context-ext": [
      "Procedure"
    ],
    "http://tecnomod-um.org/StructureDefinition/required-post-acute-care-ext": [
      "Encounter"
    ],
    "http://tecnomod-um.org/StructureDefinition/swallowing-screening-timing-category-ext": [
      "Procedure"
    ]
  }
}