{
  "resourceType" : "ValueSet",
  "id" : "mrs-score-vs",
  "text" : {
    "status" : "generated",
    "div" : "<div xmlns=\"http://www.w3.org/1999/xhtml\"><p class=\"res-header-id\"><b>Generated Narrative: ValueSet mrs-score-vs</b></p><a name=\"mrs-score-vs\"> </a><a name=\"hcmrs-score-vs\"> </a><ul><li>Include all codes defined in <a href=\"CodeSystem-mrs-score-cs.html\"><code>http://tecnomod-um.org/CodeSystem/mrs-score-cs</code></a><span title=\"Version is not explicitly stated, which means it is fixed to the version provided in this specification\"> version &#x1F4E6;0.1.0</span></li></ul></div>"
  },
  "url" : "http://tecnomod-um.org/ValueSet/mrs-score-vs",
  "version" : "0.1.0",
  "name" : "MRsScoreVS",
  "title" : "Modified Rankin Scale (mRS) Score ValueSet",
  "status" : "active",
  "experimental" : true,
  "date" : "2026-02-19T10:59:57+00:00",
  "publisher" : "UMU",
  "contact" : [{
    "name" : "UMU",
    "telecom" : [{
      "system" : "url",
      "value" : "http://tecnomod-um.org"
    }]
  }],
  "description" : "This ValueSet includes all modified Rankin Scale (mRS) grades defined in the MRsScoreCS CodeSystem (0–6). It is intended to be bound to Observation.valueCodeableConcept when the Observation.code indicates that the observation represents an mRS score.",
  "compose" : {
    "include" : [{
      "system" : "http://tecnomod-um.org/CodeSystem/mrs-score-cs"
    }]
  }
}