<?xml version="1.0" encoding="UTF-8"?>

<ValueSet xmlns="http://hl7.org/fhir">
  <id value="stroke-circumstance-codes-vs"/>
  <text>
    <status value="generated"/><div xmlns="http://www.w3.org/1999/xhtml"><p class="res-header-id"><b>Generated Narrative: ValueSet stroke-circumstance-codes-vs</b></p><a name="stroke-circumstance-codes-vs"> </a><a name="hcstroke-circumstance-codes-vs"> </a><ul><li>Include all codes defined in <a href="CodeSystem-stroke-circumstance-codes-cs.html"><code>http://tecnomod-um.org/CodeSystem/stroke-circumstance-codes-cs</code></a><span title="Version is not explicitly stated, which means it is fixed to the version provided in this specification"> version &#x1F4E6;0.1.0</span></li></ul></div>
  </text>
  <url value="http://tecnomod-um.org/ValueSet/stroke-circumstance-codes-vs"/>
  <version value="0.1.0"/>
  <name value="StrokeCircumstanceCodesVS"/>
  <title value="Stroke Circumstance Codes ValueSet"/>
  <status value="active"/>
  <date value="2026-02-19T09:59:51+00:00"/>
  <publisher value="UMU"/>
  <contact>
    <name value="UMU"/>
    <telecom>
      <system value="url"/>
      <value value="http://tecnomod-um.org"/>
    </telecom>
  </contact>
  <description value="This ValueSet includes all onset-circumstance codes defined in StrokeCircumstanceCodesCS for use in stroke documentation and analytics. It is intended to be bound to Observation.code in the StrokeCircumstanceObservationProfile, enabling consistent classification of onset scenarios such as in-hospital stroke and wake-up stroke.&#xA;&#xA;Consistent coding supports cohort definition (e.g., wake-up stroke protocols), audit/quality reporting, and research where onset uncertainty is a key stratification variable."/>
  <compose>
    <include>
      <system value="http://tecnomod-um.org/CodeSystem/stroke-circumstance-codes-cs"/>
    </include>
  </compose>
</ValueSet>