<?xml version="1.0" encoding="UTF-8"?>

<ValueSet xmlns="http://hl7.org/fhir">
  <id value="afib-flutter-status-vs"/>
  <text>
    <status value="generated"/><div xmlns="http://www.w3.org/1999/xhtml"><p class="res-header-id"><b>Generated Narrative: ValueSet afib-flutter-status-vs</b></p><a name="afib-flutter-status-vs"> </a><a name="hcafib-flutter-status-vs"> </a><ul><li>Include these codes as defined in <a href="http://www.snomed.org/"><code>http://snomed.info/sct</code></a><span title="Version is not explicitly stated. No matching Code System found"> version Not Stated (use latest from terminology server)</span><table class="none"><tr><td style="white-space:nowrap"><b>Code</b></td><td><b>Display</b></td></tr><tr><td><a href="http://snomed.info/id/410515003">410515003</a></td><td>Known present (qualifier value)</td></tr><tr><td><a href="http://snomed.info/id/410516002">410516002</a></td><td>Known absent (qualifier value)</td></tr><tr><td><a href="http://snomed.info/id/261665006">261665006</a></td><td>Unknown (qualifier value)</td></tr></table></li></ul></div>
  </text>
  <url value="http://tecnomod-um.org/ValueSet/afib-flutter-status-vs"/>
  <version value="0.1.0"/>
  <name value="AfibFlutterStatusVS"/>
  <title value="Atrial Fibrillation or Flutter Status ValueSet"/>
  <status value="active"/>
  <date value="2025-03-31"/>
  <publisher value="UMU"/>
  <contact>
    <name value="UMU"/>
    <telecom>
      <system value="url"/>
      <value value="http://tecnomod-um.org"/>
    </telecom>
  </contact>
  <description value="This ValueSet constrains the allowed coded outcomes for documenting the status of an atrial fibrillation (AF) / atrial flutter assessment within the stroke workflow. It is intentionally limited to SNOMED CT qualifier values that express the epistemic status of the finding: (1) known present, (2) known absent, or (3) unknown.&#xA;&#xA;The ValueSet is designed to support harmonized recording across systems when AF/flutter materially influences ischemic stroke etiology workup, thromboembolic risk stratification, and downstream management decisions (e.g., anticoagulation). It is appropriate for use as Observation.valueCodeableConcept to represent the result of screening, monitoring, or review of prior documentation.&#xA;&#xA;Scope and modeling notes:&#xA;- The qualifier values do not encode the rhythm subtype, chronicity, burden, or method of detection (e.g., ECG vs telemetry); those aspects should be represented using additional elements (e.g., Observation.method, device data) or separate Observations/Conditions as appropriate.&#xA;- The ValueSet represents “status of assessment” rather than the disorder concept itself; if the clinical intent is to assert a diagnosis of AF/flutter, use a Condition resource with an appropriate SNOMED CT disorder code instead of (or in addition to) this status."/>
  <compose>
    <include>
      <system value="http://snomed.info/sct"/>
      <concept>
        <code value="410515003"/>
        <display value="Known present (qualifier value)"/>
      </concept>
      <concept>
        <code value="410516002"/>
        <display value="Known absent (qualifier value)"/>
      </concept>
      <concept>
        <code value="261665006"/>
        <display value="Unknown (qualifier value)"/>
      </concept>
    </include>
  </compose>
</ValueSet>