{
  "resourceType" : "ValueSet",
  "id" : "admission-source-vs",
  "text" : {
    "status" : "generated",
    "div" : "<div xmlns=\"http://www.w3.org/1999/xhtml\"><p class=\"res-header-id\"><b>Generated Narrative: ValueSet admission-source-vs</b></p><a name=\"admission-source-vs\"> </a><a name=\"hcadmission-source-vs\"> </a><ul><li>Include these codes as defined in <a href=\"http://www.snomed.org/\"><code>http://snomed.info/sct</code></a><span title=\"Version is not explicitly stated. No matching Code System found\"> version Not Stated (use latest from terminology server)</span><table class=\"none\"><tr><td style=\"white-space:nowrap\"><b>Code</b></td><td><b>Display</b></td></tr><tr><td><a href=\"http://snomed.info/id/715537001\">715537001</a></td><td>Transportation by ambulance (procedure)</td></tr><tr><td><a href=\"http://snomed.info/id/715957006\">715957006</a></td><td>Transportation by own transport (procedure)</td></tr><tr><td><a href=\"http://snomed.info/id/384762007\">384762007</a></td><td>Transportation procedure (procedure)</td></tr></table></li></ul></div>"
  },
  "url" : "http://tecnomod-um.org/ValueSet/admission-source-vs",
  "version" : "0.1.0",
  "name" : "AdmissionSourceValueSet",
  "title" : "Admission Sources ValueSet",
  "status" : "draft",
  "experimental" : true,
  "date" : "2025-03-31",
  "publisher" : "UMU",
  "contact" : [{
    "name" : "UMU",
    "telecom" : [{
      "system" : "url",
      "value" : "http://tecnomod-um.org"
    }]
  }],
  "description" : "This ValueSet enumerates modes of transport or pathways by which a patient arrived for the index stroke encounter.\n\n**Primary use-cases**\n- Bind to admission source elements (commonly `Encounter.hospitalization.admitSource` or local equivalents) to support:\n  - operational reporting (ambulance vs own transport),\n  - pathway compliance (e.g., EMS prenotification pathways),\n  - inter-facility transfer analytics.",
  "immutable" : false,
  "purpose" : "To standardize the capture of patient admission sources for workflow, reporting, and interoperability.",
  "copyright" : "This value set includes SNOMED CT® content. SNOMED CT® is distributed by SNOMED International.",
  "compose" : {
    "include" : [{
      "system" : "http://snomed.info/sct",
      "concept" : [{
        "code" : "715537001",
        "display" : "Transportation by ambulance (procedure)"
      },
      {
        "code" : "715957006",
        "display" : "Transportation by own transport (procedure)"
      },
      {
        "code" : "384762007",
        "display" : "Transportation procedure (procedure)"
      }]
    }]
  }
}