<?xml version="1.0" encoding="UTF-8"?>

<ValueSet xmlns="http://hl7.org/fhir">
  <id value="swallow-procedures-vs"/>
  <text>
    <status value="generated"/><div xmlns="http://www.w3.org/1999/xhtml"><p class="res-header-id"><b>Generated Narrative: ValueSet swallow-procedures-vs</b></p><a name="swallow-procedures-vs"> </a><a name="hcswallow-procedures-vs"> </a><p>This value set includes codes based on the following rules:</p><ul><li>Include these codes as defined in <a href="http://www.snomed.org/"><code>http://snomed.info/sct</code></a><span title="Version is not explicitly stated. No matching Code System found"> version Not Stated (use latest from terminology server)</span><table class="none"><tr><td style="white-space:nowrap"><b>Code</b></td><td><b>Display</b></td></tr><tr><td><a href="http://snomed.info/id/1290000005">1290000005</a></td><td>Assessment using Gugging Swallowing Screen (procedure)</td></tr><tr><td><a href="http://snomed.info/id/63913004">63913004</a></td><td>Tonography with water provocation (procedure)</td></tr><tr><td><a href="http://snomed.info/id/261665006">261665006</a></td><td>Unknown (qualifier value)</td></tr></table></li><li>Include all codes defined in <a href="CodeSystem-swallow-procedures-cs.html"><code>http://tecnomod-um.org/CodeSystem/swallow-procedures-cs</code></a><span title="Version is not explicitly stated, which means it is fixed to the version provided in this specification"> version &#x1F4E6;0.1.0</span></li></ul></div>
  </text>
  <url value="http://tecnomod-um.org/ValueSet/swallow-procedures-vs"/>
  <version value="0.1.0"/>
  <name value="SwallowProceduresValueset"/>
  <title value="Swallow Procedures ValueSet"/>
  <status value="draft"/>
  <experimental value="true"/>
  <date value="2025-03-31"/>
  <publisher value="UMU"/>
  <contact>
    <name value="UMU"/>
    <telecom>
      <system value="url"/>
      <value value="http://tecnomod-um.org"/>
    </telecom>
  </contact>
  <description value="ValueSet enumerating swallowing screening/assessment procedures/tools used in stroke care.&#xA;&#xA;**Primary use-case**&#xA;- Required binding for `StrokeSwallowProcedureProfile.code` to ensure the Procedure truly represents a swallow screening/assessment.&#xA;&#xA;**Secondary use-case**&#xA;- Can also be used for `Procedure.used.concept` (R5) to explicitly document the tool used when:&#xA;  - `Procedure.code` is generic, or&#xA;  - you want a consistent field for “tool used” across multiple workflow variants.&#xA;&#xA;**Implementation note**&#xA;- `SCT#261665006 'Unknown'´ is included only as a provisional development workaround; in production, prefer FHIR `dataAbsentReason` for missing data rather than “Unknown” as a procedure code."/>
  <compose>
    <include>
      <system value="http://snomed.info/sct"/>
      <concept>
        <code value="1290000005"/>
        <display value="Assessment using Gugging Swallowing Screen (procedure)"/>
      </concept>
      <concept>
        <code value="63913004"/>
        <display value="Tonography with water provocation (procedure)"/>
      </concept>
      <concept>
        <code value="261665006"/>
        <display value="Unknown (qualifier value)"/>
      </concept>
    </include>
    <include>
      <system value="http://tecnomod-um.org/CodeSystem/swallow-procedures-cs"/>
    </include>
  </compose>
</ValueSet>