{
  "resourceType" : "ValueSet",
  "id" : "mtici-score-vs",
  "text" : {
    "status" : "generated",
    "div" : "<div xmlns=\"http://www.w3.org/1999/xhtml\"><p class=\"res-header-id\"><b>Generated Narrative: ValueSet mtici-score-vs</b></p><a name=\"mtici-score-vs\"> </a><a name=\"hcmtici-score-vs\"> </a><ul><li>Include all codes defined in <a href=\"CodeSystem-mtici-score-cs.html\"><code>http://tecnomod-um.org/CodeSystem/mtici-score-cs</code></a><span title=\"Version is not explicitly stated, which means it is fixed to the version provided in this specification\"> version &#x1F4E6;0.1.0</span></li></ul></div>"
  },
  "url" : "http://tecnomod-um.org/ValueSet/mtici-score-vs",
  "version" : "0.1.0",
  "name" : "MTICIScoreValueSet",
  "title" : "MTICI Score ValueSet",
  "status" : "draft",
  "experimental" : true,
  "date" : "2025-03-31",
  "publisher" : "UMU",
  "contact" : [{
    "name" : "UMU",
    "telecom" : [{
      "system" : "url",
      "value" : "http://tecnomod-um.org"
    }]
  }],
  "description" : "This ValueSet enumerates all allowable mTICI reperfusion grades (0, 1, 2a, 2b, 2c, 3) from the MticiScoreCS CodeSystem. It is intended to be bound (typically as required) to Observation.valueCodeableConcept when recording the final angiographic reperfusion outcome after endovascular therapy for acute ischemic stroke.\n\nUsing a dedicated ValueSet ensures:\n- consistent coding across implementations and sites,\n- reliable downstream interpretation for analytics/registry submission, and\n- clear separation between the *assessment concept* (e.g., “mTICI reperfusion grade”) and the *assessment result* (the specific grade).\n\nThis ValueSet does not convey timing, vessel location, modality, or technique; those must be represented elsewhere in the clinical model.",
  "compose" : {
    "include" : [{
      "system" : "http://tecnomod-um.org/CodeSystem/mtici-score-cs"
    }]
  }
}