{
  "resourceType" : "ValueSet",
  "id" : "stroke-discharge-destination-vs",
  "text" : {
    "status" : "generated",
    "div" : "<div xmlns=\"http://www.w3.org/1999/xhtml\"><p class=\"res-header-id\"><b>Generated Narrative: ValueSet stroke-discharge-destination-vs</b></p><a name=\"stroke-discharge-destination-vs\"> </a><a name=\"hcstroke-discharge-destination-vs\"> </a><p>This value set includes codes based on the following rules:</p><ul><li>Include these codes as defined in <a href=\"http://www.snomed.org/\"><code>http://snomed.info/sct</code></a><span title=\"Version is not explicitly stated. No matching Code System found\"> version Not Stated (use latest from terminology server)</span><table class=\"none\"><tr><td style=\"white-space:nowrap\"><b>Code</b></td><td><b>Display</b></td></tr><tr><td><a href=\"http://snomed.info/id/306689006\">306689006</a></td><td>Discharge to home (procedure)</td></tr><tr><td><a href=\"http://snomed.info/id/37729005\">37729005</a></td><td>Patient transfer, in-hospital (procedure)</td></tr><tr><td><a href=\"http://snomed.info/id/19712007\">19712007</a></td><td>Patient transfer, to another health care facility (procedure)</td></tr><tr><td><a href=\"http://snomed.info/id/306694006\">306694006</a></td><td>Discharge to nursing home (procedure)</td></tr></table></li><li>Include all codes defined in <a href=\"CodeSystem-stroke-discharge-destination-cs.html\"><code>http://tecnomod-um.org/CodeSystem/stroke-discharge-destination-cs</code></a><span title=\"Version is not explicitly stated, which means it is fixed to the version provided in this specification\"> version &#x1F4E6;1.0.0</span></li></ul></div>"
  },
  "url" : "http://tecnomod-um.org/ValueSet/stroke-discharge-destination-vs",
  "version" : "1.0.0",
  "name" : "StrokeDischargeDestinationVS",
  "title" : "Stroke Discharge Destination ValueSet",
  "status" : "active",
  "date" : "2026-02-20T09:50:49+00:00",
  "publisher" : "UMU",
  "contact" : [{
    "name" : "UMU",
    "telecom" : [{
      "system" : "url",
      "value" : "http://tecnomod-um.org"
    }]
  }],
  "description" : "ValueSet defining allowable discharge dispositions for the stroke encounter.\n\n**Primary use-case**\n- Required binding to `Encounter.admission.dischargeDisposition` in `StrokeEncounterProfile`.\n\n**Composition**\n- SNOMED CT “discharge/transfer” procedure concepts for common destinations.\n- Local supplement (StrokeDischargeDestinationCS) for outcomes such as “deceased during stay”.",
  "compose" : {
    "include" : [{
      "system" : "http://snomed.info/sct",
      "concept" : [{
        "code" : "306689006",
        "display" : "Discharge to home (procedure)"
      },
      {
        "code" : "37729005",
        "display" : "Patient transfer, in-hospital (procedure)"
      },
      {
        "code" : "19712007",
        "display" : "Patient transfer, to another health care facility (procedure)"
      },
      {
        "code" : "306694006",
        "display" : "Discharge to nursing home (procedure)"
      }]
    },
    {
      "system" : "http://tecnomod-um.org/CodeSystem/stroke-discharge-destination-cs"
    }]
  }
}