<?xml version="1.0" encoding="UTF-8"?>

<ValueSet xmlns="http://hl7.org/fhir">
  <id value="discharge-destination-vs"/>
  <text>
    <status value="generated"/><div xmlns="http://www.w3.org/1999/xhtml"><p class="res-header-id"><b>Generated Narrative: ValueSet discharge-destination-vs</b></p><a name="discharge-destination-vs"> </a><a name="hcdischarge-destination-vs"> </a><ul><li>Include these codes as defined in <a href="http://www.snomed.org/"><code>http://snomed.info/sct</code></a><span title="Version is not explicitly stated. No matching Code System found"> version Not Stated (use latest from terminology server)</span><table class="none"><tr><td style="white-space:nowrap"><b>Code</b></td><td><b>Display</b></td></tr><tr><td><a href="http://snomed.info/id/306689006">306689006</a></td><td>Discharge to home (procedure)</td></tr><tr><td><a href="http://snomed.info/id/306706006">306706006</a></td><td>Discharge to ward (procedure)</td></tr><tr><td><a href="http://snomed.info/id/19712007">19712007</a></td><td>Patient transfer, to another health care facility (procedure)</td></tr><tr><td><a href="http://snomed.info/id/306691003">306691003</a></td><td>Discharge to residential home (procedure)</td></tr><tr><td><a href="http://snomed.info/id/305398007">305398007</a></td><td>Admission to the mortuary (procedure)</td></tr></table></li></ul></div>
  </text>
  <url value="http://tecnomod-um.org/ValueSet/discharge-destination-vs"/>
  <version value="0.1.0"/>
  <name value="DischargeDestinationValueSet"/>
  <title value="Discharge Destination ValueSet"/>
  <status value="draft"/>
  <experimental value="true"/>
  <date value="2025-03-31"/>
  <publisher value="UMU"/>
  <contact>
    <name value="UMU"/>
    <telecom>
      <system value="url"/>
      <value value="http://tecnomod-um.org"/>
    </telecom>
  </contact>
  <description value="This ValueSet enumerates discharge destination concepts (primarily SNOMED CT procedure-like “discharge to …” concepts).&#xA;&#xA;**Primary use-cases**&#xA;- Bind to discharge disposition elements in encounter/hospitalization modeling.&#xA;  enabling consistent:&#xA;  - care transition analytics,&#xA;  - pathway reporting (home vs ward vs facility vs mortuary),&#xA;  - downstream coordination workflows."/>
  <immutable value="false"/>
  <purpose value="To support consistent recording of discharge destinations for analytics, reporting, and care coordination."/>
  <copyright value="This value set includes SNOMED CT® content. SNOMED CT® is distributed by SNOMED International."/>
  <compose>
    <include>
      <system value="http://snomed.info/sct"/>
      <concept>
        <code value="306689006"/>
        <display value="Discharge to home (procedure)"/>
      </concept>
      <concept>
        <code value="306706006"/>
        <display value="Discharge to ward (procedure)"/>
      </concept>
      <concept>
        <code value="19712007"/>
        <display value="Patient transfer, to another health care facility (procedure)"/>
      </concept>
      <concept>
        <code value="306691003"/>
        <display value="Discharge to residential home (procedure)"/>
      </concept>
      <concept>
        <code value="305398007"/>
        <display value="Admission to the mortuary (procedure)"/>
      </concept>
    </include>
  </compose>
</ValueSet>