<?xml version="1.0" encoding="UTF-8"?>

<ValueSet xmlns="http://hl7.org/fhir">
  <id value="functional-score-codes-vs"/>
  <text>
    <status value="generated"/><div xmlns="http://www.w3.org/1999/xhtml"><p class="res-header-id"><b>Generated Narrative: ValueSet functional-score-codes-vs</b></p><a name="functional-score-codes-vs"> </a><a name="hcfunctional-score-codes-vs"> </a><ul><li>Include these codes as defined in <a href="http://www.snomed.org/"><code>http://snomed.info/sct</code></a><span title="Version is not explicitly stated. No matching Code System found"> version Not Stated (use latest from terminology server)</span><table class="none"><tr><td style="white-space:nowrap"><b>Code</b></td><td><b>Display</b></td></tr><tr><td><a href="http://snomed.info/id/1255866005">1255866005</a></td><td>Modified Rankin Scale score (observable entity)</td></tr><tr><td><a href="http://snomed.info/id/450743008">450743008</a></td><td>National Institutes of Health stroke scale score (observable entity)</td></tr></table></li></ul></div>
  </text>
  <url value="http://tecnomod-um.org/ValueSet/functional-score-codes-vs"/>
  <version value="0.1.0"/>
  <name value="FunctionalScoreCodesVS"/>
  <title value="Stroke Functional Score Codes ValueSet"/>
  <status value="active"/>
  <date value="2026-02-19T10:59:57+00:00"/>
  <publisher value="UMU"/>
  <contact>
    <name value="UMU"/>
    <telecom>
      <system value="url"/>
      <value value="http://tecnomod-um.org"/>
    </telecom>
  </contact>
  <description value="This ValueSet defines the allowable Observation.code concepts for stroke functional and severity scoring instruments represented in this guide: modified Rankin Scale (mRS) and NIH Stroke Scale (NIHSS), expressed as SNOMED CT observable entities.&#xA;&#xA;It is intended to be bound to Observation.code in the FunctionalScoreObservationProfile. Downstream validation/invariants then enforce the appropriate datatype of Observation.value[x]:&#xA;- mRS is captured as a coded ordinal category (valueCodeableConcept bound to MRsScoreVS).&#xA;- NIHSS is captured as a numeric total score (valueInteger), representing the summed NIHSS total rather than item-level subscores."/>
  <compose>
    <include>
      <system value="http://snomed.info/sct"/>
      <concept>
        <code value="1255866005"/>
        <display value="Modified Rankin Scale score (observable entity)"/>
      </concept>
      <concept>
        <code value="450743008"/>
        <display value="National Institutes of Health stroke scale score (observable entity)"/>
      </concept>
    </include>
  </compose>
</ValueSet>