<?xml version="1.0" encoding="UTF-8"?>

<ValueSet xmlns="http://hl7.org/fhir">
  <id value="afib-flutter-status-vs"/>
  <text>
    <status value="generated"/><div xmlns="http://www.w3.org/1999/xhtml"><p class="res-header-id"><b>Generated Narrative: ValueSet afib-flutter-status-vs</b></p><a name="afib-flutter-status-vs"> </a><a name="hcafib-flutter-status-vs"> </a><ul><li>Include these codes as defined in <a href="http://www.snomed.org/"><code>http://snomed.info/sct</code></a><span title="Version is not explicitly stated. No matching Code System found"> version Not Stated (use latest from terminology server)</span><table class="none"><tr><td style="white-space:nowrap"><b>Code</b></td><td><b>Display</b></td></tr><tr><td><a href="http://snomed.info/id/410515003">410515003</a></td><td>Known present (qualifier value)</td></tr><tr><td><a href="http://snomed.info/id/410516002">410516002</a></td><td>Known absent (qualifier value)</td></tr><tr><td><a href="http://snomed.info/id/261665006">261665006</a></td><td>Unknown (qualifier value)</td></tr></table></li></ul></div>
  </text>
  <url value="http://tecnomod-um.org/ValueSet/afib-flutter-status-vs"/>
  <version value="0.1.0"/>
  <name value="AfibFlutterStatusVS"/>
  <title value="Atrial Fibrillation or Flutter Status ValueSet"/>
  <status value="active"/>
  <date value="2026-02-17T12:24:33+00:00"/>
  <publisher value="UMU"/>
  <contact>
    <name value="UMU"/>
    <telecom>
      <system value="url"/>
      <value value="http://tecnomod-um.org"/>
    </telecom>
  </contact>
  <description value="ValueSet defining the allowed coded outcomes for documenting the status of an Atrial Fibrillation (AF) or Atrial Flutter assessment. It is intentionally restricted to SNOMED CT qualifier values to express: (1) known present, (2) known absent, or (3) unknown. The ValueSet supports harmonized recording across systems, improves comparability for clinical decision support and research, and enables consistent reporting in contexts where AF/flutter materially influences thromboembolic risk and subsequent management."/>
  <compose>
    <include>
      <system value="http://snomed.info/sct"/>
      <concept>
        <code value="410515003"/>
        <display value="Known present (qualifier value)"/>
      </concept>
      <concept>
        <code value="410516002"/>
        <display value="Known absent (qualifier value)"/>
      </concept>
      <concept>
        <code value="261665006"/>
        <display value="Unknown (qualifier value)"/>
      </concept>
    </include>
  </compose>
</ValueSet>