<?xml version="1.0" encoding="UTF-8"?>

<ValueSet xmlns="http://hl7.org/fhir">
  <id value="stroke-diagnosis-vs"/>
  <text>
    <status value="generated"/><div xmlns="http://www.w3.org/1999/xhtml"><p class="res-header-id"><b>Generated Narrative: ValueSet stroke-diagnosis-vs</b></p><a name="stroke-diagnosis-vs"> </a><a name="hcstroke-diagnosis-vs"> </a><ul><li>Include these codes as defined in <a href="http://www.snomed.org/"><code>http://snomed.info/sct</code></a><span title="Version is not explicitly stated. No matching Code System found"> version Not Stated (use latest from terminology server)</span><table class="none"><tr><td style="white-space:nowrap"><b>Code</b></td><td><b>Display</b></td></tr><tr><td><a href="http://snomed.info/id/422504002">422504002</a></td><td>Ischemic stroke (disorder)</td></tr><tr><td><a href="http://snomed.info/id/274100004">274100004</a></td><td>Cerebral hemorrhage (disorder)</td></tr><tr><td><a href="http://snomed.info/id/266257000">266257000</a></td><td>Transient ischemic attack (disorder)</td></tr><tr><td><a href="http://snomed.info/id/21454007">21454007</a></td><td>Subarachnoid intracranial hemorrhage (disorder)</td></tr><tr><td><a href="http://snomed.info/id/95455008">95455008</a></td><td>Thrombosis of cerebral veins (disorder)</td></tr><tr><td><a href="http://snomed.info/id/373068000">373068000</a></td><td>Undetermined (qualifier value)</td></tr></table></li></ul></div>
  </text>
  <url value="http://tecnomod-um.org/ValueSet/stroke-diagnosis-vs"/>
  <version value="0.1.0"/>
  <name value="StrokeDiagnosisVS"/>
  <title value="Stroke Diagnosis ValueSet"/>
  <status value="active"/>
  <experimental value="false"/>
  <date value="2025-10-07"/>
  <publisher value="UMU"/>
  <contact>
    <name value="UMU"/>
    <telecom>
      <system value="url"/>
      <value value="http://tecnomod-um.org"/>
    </telecom>
  </contact>
  <description value="This ValueSet enumerates SNOMED CT concepts representing **final stroke-related diagnoses** for use in `Condition.code` within this Implementation Guide (IG).&#xA;&#xA;**Primary use-case**&#xA;- Required binding to `Condition.code` in `StrokeDiagnosisConditionProfile`, representing the *definitive diagnosis* of the index stroke event for the linked encounter.&#xA;&#xA;**Scope**&#xA;- Ischemic stroke&#xA;- Intracerebral/cerebral hemorrhage&#xA;- Subarachnoid hemorrhage&#xA;- Cerebral venous thrombosis&#xA;- Transient ischemic attack (TIA)&#xA;- “Undetermined” qualifier (use cautiously; see notes)&#xA;&#xA;**Modeling notes**&#xA;- This ValueSet is intended for definitive diagnoses (e.g., at discharge or after diagnostic workup), not “rule-out”, screening, history-of, or procedural concepts.&#xA;- Terminology expansion should be performed against the appropriate SNOMED CT edition/version and preferred language(s). Localizations MAY add designations without changing meaning.&#xA;- If “undetermined” is used, consider adding supporting narrative in `Condition.note` and/or linking evidence in Observations/DiagnosticReports to preserve interpretability."/>
  <immutable value="false"/>
  <purpose value="To provide a consistent set of SNOMED CT concepts for coding definitive stroke-related diagnoses in this IG."/>
  <copyright value="This value set includes SNOMED CT® content. SNOMED CT® is distributed by SNOMED International."/>
  <compose>
    <include>
      <system value="http://snomed.info/sct"/>
      <concept>
        <code value="422504002"/>
        <display value="Ischemic stroke (disorder)"/>
      </concept>
      <concept>
        <code value="274100004"/>
        <display value="Cerebral hemorrhage (disorder)"/>
      </concept>
      <concept>
        <code value="266257000"/>
        <display value="Transient ischemic attack (disorder)"/>
      </concept>
      <concept>
        <code value="21454007"/>
        <display value="Subarachnoid intracranial hemorrhage (disorder)"/>
      </concept>
      <concept>
        <code value="95455008"/>
        <display value="Thrombosis of cerebral veins (disorder)"/>
      </concept>
      <concept>
        <code value="373068000"/>
        <display value="Undetermined (qualifier value)"/>
      </concept>
    </include>
  </compose>
</ValueSet>