<?xml version="1.0" encoding="UTF-8"?>

<ValueSet xmlns="http://hl7.org/fhir">
  <id value="vs-gender-snomed"/>
  <text>
    <status value="generated"/><div xmlns="http://www.w3.org/1999/xhtml"><p class="res-header-id"><b>Generated Narrative: ValueSet vs-gender-snomed</b></p><a name="vs-gender-snomed"> </a><a name="hcvs-gender-snomed"> </a><ul><li>Include these codes as defined in <a href="http://www.snomed.org/"><code>http://snomed.info/sct</code></a><span title="Version is not explicitly stated. No matching Code System found"> version Not Stated (use latest from terminology server)</span><table class="none"><tr><td style="white-space:nowrap"><b>Code</b></td><td><b>Display</b></td></tr><tr><td><a href="http://snomed.info/id/248153007">248153007</a></td><td>Male (finding)</td></tr><tr><td><a href="http://snomed.info/id/248152002">248152002</a></td><td>Female (finding)</td></tr><tr><td><a href="http://snomed.info/id/32570681000036106">32570681000036106</a></td><td>Indeterminate sex (finding)</td></tr></table></li></ul></div>
  </text>
  <url value="http://tecnomod-um.org/ValueSet/vs-gender-snomed"/>
  <version value="1.0.0"/>
  <name value="GenderSNOMEDVS"/>
  <title value="Gender (SNOMED CT)"/>
  <status value="active"/>
  <experimental value="false"/>
  <date value="2026-02-20T10:05:07+00:00"/>
  <publisher value="UMU"/>
  <contact>
    <name value="UMU"/>
    <telecom>
      <system value="url"/>
      <value value="http://tecnomod-um.org"/>
    </telecom>
  </contact>
  <description value="Value set to represent patient gender using SNOMED CT codes, analogous to AdministrativeGender."/>
  <compose>
    <include>
      <system value="http://snomed.info/sct"/>
      <concept>
        <code value="248153007"/>
        <display value="Male (finding)"/>
      </concept>
      <concept>
        <code value="248152002"/>
        <display value="Female (finding)"/>
      </concept>
      <concept>
        <code value="32570681000036106"/>
        <display value="Indeterminate sex (finding)"/>
      </concept>
    </include>
  </compose>
</ValueSet>