{
  "resourceType" : "ValueSet",
  "id" : "vs-gender-snomed",
  "text" : {
    "status" : "generated",
    "div" : "<div xmlns=\"http://www.w3.org/1999/xhtml\"><p class=\"res-header-id\"><b>Generated Narrative: ValueSet vs-gender-snomed</b></p><a name=\"vs-gender-snomed\"> </a><a name=\"hcvs-gender-snomed\"> </a><ul><li>Include these codes as defined in <a href=\"http://www.snomed.org/\"><code>http://snomed.info/sct</code></a><span title=\"Version is not explicitly stated. No matching Code System found\"> version Not Stated (use latest from terminology server)</span><table class=\"none\"><tr><td style=\"white-space:nowrap\"><b>Code</b></td><td><b>Display</b></td></tr><tr><td><a href=\"http://snomed.info/id/248153007\">248153007</a></td><td>Male (finding)</td></tr><tr><td><a href=\"http://snomed.info/id/248152002\">248152002</a></td><td>Female (finding)</td></tr><tr><td><a href=\"http://snomed.info/id/32570681000036106\">32570681000036106</a></td><td>Indeterminate sex (finding)</td></tr></table></li></ul></div>"
  },
  "url" : "http://tecnomod-um.org/ValueSet/vs-gender-snomed",
  "version" : "0.1.0",
  "name" : "GenderSNOMEDVS",
  "title" : "Gender (SNOMED CT)",
  "status" : "active",
  "experimental" : false,
  "date" : "2026-02-09T11:30:19+00:00",
  "publisher" : "UMU",
  "contact" : [{
    "name" : "UMU",
    "telecom" : [{
      "system" : "url",
      "value" : "http://tecnomod-um.org"
    }]
  }],
  "description" : "Value set to represent patient gender using SNOMED CT codes, analogous to AdministrativeGender.",
  "compose" : {
    "include" : [{
      "system" : "http://snomed.info/sct",
      "concept" : [{
        "code" : "248153007",
        "display" : "Male (finding)"
      },
      {
        "code" : "248152002",
        "display" : "Female (finding)"
      },
      {
        "code" : "32570681000036106",
        "display" : "Indeterminate sex (finding)"
      }]
    }]
  }
}