{"resourceType":"CodeSystem","id":"brain-imaging-type-cs","text":{"status":"generated","div":"<div xmlns=\"http://www.w3.org/1999/xhtml\"><p class=\"res-header-id\"><b>Generated Narrative: CodeSystem brain-imaging-type-cs</b></p><a name=\"brain-imaging-type-cs\"> </a><a name=\"hcbrain-imaging-type-cs\"> </a><p>This  code system <code>http://tecnomod-um.org/CodeSystem/brain-imaging-type-cs</code> defines the following codes:</p><table class=\"codes\"><tr><td style=\"white-space:nowrap\"><b>Code</b></td><td><b>Display</b></td><td><b>Definition</b></td></tr><tr><td style=\"white-space:nowrap\">ct-cta<a name=\"brain-imaging-type-cs-ct-cta\"> </a></td><td>CT-CTA</td><td>Computed Tomography (CT) and CT Angiography (CTA)</td></tr><tr><td style=\"white-space:nowrap\">ct-cta-perfusion<a name=\"brain-imaging-type-cs-ct-cta-perfusion\"> </a></td><td>CT-CTA and Perfusion</td><td>Computed Tomography (CT), CT Angiography (CTA), and CT Perfusion</td></tr><tr><td style=\"white-space:nowrap\">mr-dwi-flair<a name=\"brain-imaging-type-cs-mr-dwi-flair\"> </a></td><td>MR DWI-FLAIR</td><td>Magnetic Resonance Imaging (MRI) with Diffusion-Weighted Imaging (DWI) or Fluid-Attenuated Inversion Recovery (FLAIR)</td></tr><tr><td style=\"white-space:nowrap\">mr-dwi-flair-mra<a name=\"brain-imaging-type-cs-mr-dwi-flair-mra\"> </a></td><td>MR DWI-FLAIR and MRA</td><td>Magnetic Resonance Imaging (MRI) with Diffusion-Weighted Imaging (DWI) or Fluid-Attenuated Inversion Recovery (FLAIR), and Magnetic Resonance Angiography (MRA)</td></tr><tr><td style=\"white-space:nowrap\">mr-dwi-flair-mra-perfusion<a name=\"brain-imaging-type-cs-mr-dwi-flair-mra-perfusion\"> </a></td><td>MR DWI-FLAIR, MRA, and Perfusion</td><td>Magnetic Resonance Imaging (MRI) with Diffusion-Weighted Imaging (DWI) and Fluid-Attenuated Inversion Recovery (FLAIR), Magnetic Resonance Angiography (MRA), and MR Perfusion</td></tr></table></div>"},"url":"http://tecnomod-um.org/CodeSystem/brain-imaging-type-cs","version":"0.1.0","name":"BrainImagingTypeCS","title":"Brain Imaging Type Code System","status":"active","date":"2026-02-17T08:59:32+00:00","publisher":"UMU","contact":[{"name":"UMU","telecom":[{"system":"url","value":"http://tecnomod-um.org"}]}],"description":"Codes specifying the type of brain imaging performed (e.g., CT, MRI).","content":"complete","count":5,"concept":[{"code":"ct-cta","display":"CT-CTA","definition":"Computed Tomography (CT) and CT Angiography (CTA)","designation":[{"use":{"system":"http://terminology.hl7.org/CodeSystem/hl7TermMaintInfra","code":"preferredForLanguage"},"value":"CT-CTA"}]},{"code":"ct-cta-perfusion","display":"CT-CTA and Perfusion","definition":"Computed Tomography (CT), CT Angiography (CTA), and CT Perfusion","designation":[{"use":{"system":"http://terminology.hl7.org/CodeSystem/hl7TermMaintInfra","code":"preferredForLanguage"},"value":"CT-CTA and Perfusion"}]},{"code":"mr-dwi-flair","display":"MR DWI-FLAIR","definition":"Magnetic Resonance Imaging (MRI) with Diffusion-Weighted Imaging (DWI) or Fluid-Attenuated Inversion Recovery (FLAIR)","designation":[{"use":{"system":"http://terminology.hl7.org/CodeSystem/hl7TermMaintInfra","code":"preferredForLanguage"},"value":"MR DWI-FLAIR"}]},{"code":"mr-dwi-flair-mra","display":"MR DWI-FLAIR and MRA","definition":"Magnetic Resonance Imaging (MRI) with Diffusion-Weighted Imaging (DWI) or Fluid-Attenuated Inversion Recovery (FLAIR), and Magnetic Resonance Angiography (MRA)","designation":[{"use":{"system":"http://terminology.hl7.org/CodeSystem/hl7TermMaintInfra","code":"preferredForLanguage"},"value":"MR DWI-FLAIR and MRA"}]},{"code":"mr-dwi-flair-mra-perfusion","display":"MR DWI-FLAIR, MRA, and Perfusion","definition":"Magnetic Resonance Imaging (MRI) with Diffusion-Weighted Imaging (DWI) and Fluid-Attenuated Inversion Recovery (FLAIR), Magnetic Resonance Angiography (MRA), and MR Perfusion","designation":[{"use":{"system":"http://terminology.hl7.org/CodeSystem/hl7TermMaintInfra","code":"preferredForLanguage"},"value":"MR DWI-FLAIR, MRA, and Perfusion"}]}]}