{"resourceType":"CodeSystem","id":"procedure-timing-context-cs","text":{"status":"generated","div":"<div xmlns=\"http://www.w3.org/1999/xhtml\"><p class=\"res-header-id\"><b>Generated Narrative: CodeSystem procedure-timing-context-cs</b></p><a name=\"procedure-timing-context-cs\"> </a><a name=\"hcprocedure-timing-context-cs\"> </a><p>This case-insensitive code system <code>http://tecnomod-um.org/CodeSystem/procedure-timing-context-cs</code> defines the following codes:</p><table class=\"codes\"><tr><td style=\"white-space:nowrap\"><b>Code</b></td><td><b>Display</b></td><td><b>Definition</b></td></tr><tr><td style=\"white-space:nowrap\">acute<a name=\"procedure-timing-context-cs-acute\"> </a></td><td>Acute Phase (&lt;24h)</td><td>Procedure performed within 24 hours of encounter start time.</td></tr><tr><td style=\"white-space:nowrap\">post-acute<a name=\"procedure-timing-context-cs-post-acute\"> </a></td><td>Post-Acute Phase (&gt;=24h)</td><td>Procedure performed 24 hours or more after encounter start time.</td></tr><tr><td style=\"white-space:nowrap\">unknown<a name=\"procedure-timing-context-cs-unknown\"> </a></td><td>Unknown/Not Applicable</td><td>Timing relative to encounter start is unknown or not applicable.</td></tr></table></div>"},"url":"http://tecnomod-um.org/CodeSystem/procedure-timing-context-cs","version":"0.1.0","name":"ProcedureTimingContextCS","title":"Procedure Timing Context Code System","status":"active","experimental":true,"date":"2026-02-10T12:50:25+00:00","publisher":"UMU","contact":[{"name":"UMU","telecom":[{"system":"url","value":"http://tecnomod-um.org"}]}],"description":"Codes defining the timing phase of a procedure relative to the encounter start (e.g., acute vs. post-acute).","caseSensitive":false,"content":"complete","count":3,"concept":[{"code":"acute","display":"Acute Phase (<24h)","definition":"Procedure performed within 24 hours of encounter start time.","designation":[{"use":{"system":"http://terminology.hl7.org/CodeSystem/hl7TermMaintInfra","code":"preferredForLanguage"},"value":"Acute Phase (<24h)"}]},{"code":"post-acute","display":"Post-Acute Phase (>=24h)","definition":"Procedure performed 24 hours or more after encounter start time.","designation":[{"use":{"system":"http://terminology.hl7.org/CodeSystem/hl7TermMaintInfra","code":"preferredForLanguage"},"value":"Post-Acute Phase (>=24h)"}]},{"code":"unknown","display":"Unknown/Not Applicable","definition":"Timing relative to encounter start is unknown or not applicable.","designation":[{"use":{"system":"http://terminology.hl7.org/CodeSystem/hl7TermMaintInfra","code":"preferredForLanguage"},"value":"Unknown/Not Applicable"}]}]}