{"resourceType":"CodeSystem","id":"medication-cs","text":{"status":"generated","div":"<div xmlns=\"http://www.w3.org/1999/xhtml\"><p class=\"res-header-id\"><b>Generated Narrative: CodeSystem medication-cs</b></p><a name=\"medication-cs\"> </a><a name=\"hcmedication-cs\"> </a><p>This  code system <code>http://tecnomod-um.org/CodeSystem/medication-cs</code> defines the following codes:</p><table class=\"codes\"><tr><td style=\"white-space:nowrap\"><b>Code</b></td><td><b>Display</b></td><td><b>Definition</b></td></tr><tr><td style=\"white-space:nowrap\">other-anticoagulant<a name=\"medication-cs-other-anticoagulant\"> </a></td><td>Other Anticoagulant</td><td>Any anticoagulant medication</td></tr><tr><td style=\"white-space:nowrap\">antiplatelet<a name=\"medication-cs-antiplatelet\"> </a></td><td>Any Antiplatelet</td><td>Any antiplatelet medication</td></tr><tr><td style=\"white-space:nowrap\">antidiabetic<a name=\"medication-cs-antidiabetic\"> </a></td><td>Any Antidiabetic</td><td>Any antidiabetic medication</td></tr><tr><td style=\"white-space:nowrap\">other<a name=\"medication-cs-other\"> </a></td><td>Other Medication</td><td>A medication other than those specifically listed was prescribed at discharge</td></tr></table></div>"},"url":"http://tecnomod-um.org/CodeSystem/medication-cs","version":"1.0.0","name":"MedicationCS","title":"Discharge Medication Category CodeSystem","status":"draft","date":"2026-02-20T10:05:07+00:00","publisher":"UMU","contact":[{"name":"UMU","telecom":[{"system":"url","value":"http://tecnomod-um.org"}]}],"description":"Local CodeSystem providing **coarse medication categories** used in discharge prescribing when the source system cannot\n(or does not) provide a specific coded drug product/substance.\n\n**Primary use-cases**\n- Minimum-data capture for discharge medication classes relevant to stroke secondary prevention (e.g., anticoagulant vs antiplatelet).\n- Registry reporting where only “medication class prescribed at discharge” is available.\n- Analytics and quality indicators (e.g., “antithrombotic at discharge”) when specific agent is unknown.\n\n**How it is used in FHIR**\n- Included in `MedicationVS` so it can be used in `MedicationRequest.medication` (CodeableConcept).\n","content":"complete","count":4,"concept":[{"code":"other-anticoagulant","display":"Other Anticoagulant","definition":"Any anticoagulant medication","designation":[{"use":{"system":"http://terminology.hl7.org/CodeSystem/hl7TermMaintInfra","code":"preferredForLanguage"},"value":"Other Anticoagulant"}]},{"code":"antiplatelet","display":"Any Antiplatelet","definition":"Any antiplatelet medication","designation":[{"use":{"system":"http://terminology.hl7.org/CodeSystem/hl7TermMaintInfra","code":"preferredForLanguage"},"value":"Any Antiplatelet"}]},{"code":"antidiabetic","display":"Any Antidiabetic","definition":"Any antidiabetic medication","designation":[{"use":{"system":"http://terminology.hl7.org/CodeSystem/hl7TermMaintInfra","code":"preferredForLanguage"},"value":"Any Antidiabetic"}]},{"code":"other","display":"Other Medication","definition":"A medication other than those specifically listed was prescribed at discharge","designation":[{"use":{"system":"http://terminology.hl7.org/CodeSystem/hl7TermMaintInfra","code":"preferredForLanguage"},"value":"Other Medication"}]}]}