{"resourceType":"CodeSystem","id":"mtici-code-cs","text":{"status":"generated","div":"<div xmlns=\"http://www.w3.org/1999/xhtml\"><p class=\"res-header-id\"><b>Generated Narrative: CodeSystem mtici-code-cs</b></p><a name=\"mtici-code-cs\"> </a><a name=\"hcmtici-code-cs\"> </a><p>This case-insensitive code system <code>http://tecnomod-um.org/CodeSystem/mtici-code-cs</code> defines the following code:</p><table class=\"codes\"><tr><td style=\"white-space:nowrap\"><b>Code</b></td><td><b>Definition</b></td></tr><tr><td style=\"white-space:nowrap\">mTICI<a name=\"mtici-code-cs-mTICI\"> </a></td><td>Assessment concept representing the modified Thrombolysis in Cerebral Infarction reperfusion grade to be reported as an Observation value.</td></tr></table></div>"},"url":"http://tecnomod-um.org/CodeSystem/mtici-code-cs","version":"0.1.0","name":"MTICICodeCS","title":"mTICI Score Codes CodeSystem","status":"active","experimental":true,"date":"2026-02-19T09:19:55+00:00","publisher":"UMU","contact":[{"name":"UMU","telecom":[{"system":"url","value":"http://tecnomod-um.org"}]}],"description":"This CodeSystem defines the assessment concept code(s) used to indicate that an Observation is reporting an mTICI reperfusion grade. It is intentionally separated from the MticiScoreCS CodeSystem, which contains the actual mTICI grade values (0–3 with 2a/2b/2c).\n\nIn practice:\n- Observation.code identifies the *kind of measurement/assessment* (“mTICI reperfusion grade”).\n- Observation.valueCodeableConcept carries the *result* (one of the mTICI grades from MticiScoreVS).\n\nThis separation improves semantic clarity and supports consistent validation and analytics across systems.","caseSensitive":false,"content":"complete","count":1,"concept":[{"code":"mTICI","display":"mTICI","definition":"Assessment concept representing the modified Thrombolysis in Cerebral Infarction reperfusion grade to be reported as an Observation value.","designation":[{"use":{"system":"http://terminology.hl7.org/CodeSystem/hl7TermMaintInfra","code":"preferredForLanguage"},"value":"mTICI"},{"use":{"system":"http://terminology.hl7.org/CodeSystem/hl7TermMaintInfra","code":"preferredForLanguage"},"value":"mTICI"}]}]}