{"resourceType":"CodeSystem","id":"stroke-arrival-mode-cs","text":{"status":"generated","div":"<div xmlns=\"http://www.w3.org/1999/xhtml\"><p class=\"res-header-id\"><b>Generated Narrative: CodeSystem stroke-arrival-mode-cs</b></p><a name=\"stroke-arrival-mode-cs\"> </a><a name=\"hcstroke-arrival-mode-cs\"> </a><p>This case-insensitive code system <code>http://tecnomod-um.org/CodeSystem/stroke-arrival-mode-cs</code> defines the following codes:</p><table class=\"codes\"><tr><td style=\"white-space:nowrap\"><b>Code</b></td><td><b>Display</b></td><td><b>Definition</b></td></tr><tr><td style=\"white-space:nowrap\">priv-transport-home<a name=\"stroke-arrival-mode-cs-priv-transport-home\"> </a></td><td>Private Transportation from Home/Scene</td><td>The patient arrived via personal or non-medical transport from their home or directly from the scene of the incident.</td></tr><tr><td style=\"white-space:nowrap\">priv-transport-gp<a name=\"stroke-arrival-mode-cs-priv-transport-gp\"> </a></td><td>Private Transportation from GP</td><td>The patient was referred and transported privately from GP.</td></tr><tr><td style=\"white-space:nowrap\">ems-gp<a name=\"stroke-arrival-mode-cs-ems-gp\"> </a></td><td>EMS from GP</td><td>Emergency Medical Services (EMS) transported the patient from GP.</td></tr><tr><td style=\"white-space:nowrap\">stroke-center<a name=\"stroke-arrival-mode-cs-stroke-center\"> </a></td><td>Stroke Center</td><td>The patient was transferred from a specialized stroke center, indicating prior specialized care</td></tr><tr><td style=\"white-space:nowrap\">ems-home<a name=\"stroke-arrival-mode-cs-ems-home\"> </a></td><td>EMS from Home</td><td>Emergency Medical Services (EMS) transported the patient from their home or directly from the scene where the stroke symptoms began.</td></tr><tr><td style=\"white-space:nowrap\">another-hosp<a name=\"stroke-arrival-mode-cs-another-hosp\"> </a></td><td>Another Hospital</td><td>The patient was transferred from another hospital</td></tr></table></div>"},"url":"http://tecnomod-um.org/CodeSystem/stroke-arrival-mode-cs","version":"0.1.0","name":"StrokeArrivalModeCS","title":"Initial Care Intensity Code System","status":"active","experimental":true,"date":"2026-02-18T13:35:35+00:00","publisher":"UMU","contact":[{"name":"UMU","telecom":[{"system":"url","value":"http://tecnomod-um.org"}]}],"description":"Codes indicating the level of care provided during the patient's initial day(s) in the hospital.","caseSensitive":false,"content":"complete","count":6,"concept":[{"code":"priv-transport-home","display":"Private Transportation from Home/Scene","definition":"The patient arrived via personal or non-medical transport from their home or directly from the scene of the incident.","designation":[{"use":{"system":"http://terminology.hl7.org/CodeSystem/hl7TermMaintInfra","code":"preferredForLanguage"},"value":"Private Transportation from Home/Scene"}]},{"code":"priv-transport-gp","display":"Private Transportation from GP","definition":"The patient was referred and transported privately from GP.","designation":[{"use":{"system":"http://terminology.hl7.org/CodeSystem/hl7TermMaintInfra","code":"preferredForLanguage"},"value":"Private Transportation from GP"}]},{"code":"ems-gp","display":"EMS from GP","definition":"Emergency Medical Services (EMS) transported the patient from GP.","designation":[{"use":{"system":"http://terminology.hl7.org/CodeSystem/hl7TermMaintInfra","code":"preferredForLanguage"},"value":"EMS from GP"}]},{"code":"stroke-center","display":"Stroke Center","definition":"The patient was transferred from a specialized stroke center, indicating prior specialized care","designation":[{"use":{"system":"http://terminology.hl7.org/CodeSystem/hl7TermMaintInfra","code":"preferredForLanguage"},"value":"Stroke Center"}]},{"code":"ems-home","display":"EMS from Home","definition":"Emergency Medical Services (EMS) transported the patient from their home or directly from the scene where the stroke symptoms began.","designation":[{"use":{"system":"http://terminology.hl7.org/CodeSystem/hl7TermMaintInfra","code":"preferredForLanguage"},"value":"EMS from Home"}]},{"code":"another-hosp","display":"Another Hospital","definition":"The patient was transferred from another hospital","designation":[{"use":{"system":"http://terminology.hl7.org/CodeSystem/hl7TermMaintInfra","code":"preferredForLanguage"},"value":"Another Hospital"}]}]}