{"resourceType":"CodeSystem","id":"assessment-context-cs","text":{"status":"generated","div":"<div xmlns=\"http://www.w3.org/1999/xhtml\"><p class=\"res-header-id\"><b>Generated Narrative: CodeSystem assessment-context-cs</b></p><a name=\"assessment-context-cs\"> </a><a name=\"hcassessment-context-cs\"> </a><p>This case-insensitive code system <code>http://tecnomod-um.org/CodeSystem/assessment-context-cs</code> defines the following codes:</p><table class=\"codes\"><tr><td style=\"white-space:nowrap\"><b>Code</b></td><td><b>Display</b></td><td><b>Definition</b></td></tr><tr><td style=\"white-space:nowrap\">pre-stroke<a name=\"assessment-context-cs-pre-stroke\"> </a></td><td>Pre-stroke</td><td>Assessment reflects the patient’s baseline state prior to the index stroke event (pre-morbid status), typically derived from history or collateral information.</td></tr><tr><td style=\"white-space:nowrap\">admission<a name=\"assessment-context-cs-admission\"> </a></td><td>Admission</td><td>Assessment performed at, or shortly after, presentation/admission for the index stroke event (acute phase baseline for in-hospital care).</td></tr><tr><td style=\"white-space:nowrap\">discharge<a name=\"assessment-context-cs-discharge\"> </a></td><td>Discharge</td><td>Assessment performed at the time of discharge from the acute admission (or the end of the index hospitalization episode).</td></tr><tr><td style=\"white-space:nowrap\">3-month<a name=\"assessment-context-cs-3-month\"> </a></td><td>3-Month Follow-up</td><td>Assessment performed at approximately 3 months (≈90 days) after discharge/index event, acknowledging operational windows used in routine follow-up and research.</td></tr></table></div>"},"url":"http://tecnomod-um.org/CodeSystem/assessment-context-cs","version":"0.1.0","name":"AssessmentContextCS","title":"Assessment Context Code System","status":"active","experimental":true,"date":"2026-02-18T14:43:59+00:00","publisher":"UMU","contact":[{"name":"UMU","telecom":[{"system":"url","value":"http://tecnomod-um.org"}]}],"description":"This CodeSystem defines normalized codes for the clinical context / relative timepoint at which a stroke-related assessment was performed. It is primarily used to contextualize functional and severity instruments (e.g., mRS and NIHSS) where interpretation depends on whether the score reflects baseline status, acute presentation, discharge status, or follow-up.\n\nThese codes represent *relative phases* (pre-stroke baseline, admission, discharge, ~3-month follow-up) rather than precise timestamps. The actual date/time of measurement should be recorded in Observation.effective[x] when known; the context code complements effective[x] by expressing the clinical phase, which is often necessary for reporting and comparability (e.g., “mRS pre-stroke” vs “mRS at discharge”).\n\nScope note: This CodeSystem is intentionally small and focused on common stroke pathway milestones; implementers may extend it (with additional codes and governance) if other standardized follow-up timepoints are required (e.g., 6 months, 1 year).","caseSensitive":false,"content":"complete","count":4,"concept":[{"code":"pre-stroke","display":"Pre-stroke","definition":"Assessment reflects the patient’s baseline state prior to the index stroke event (pre-morbid status), typically derived from history or collateral information.","designation":[{"use":{"system":"http://terminology.hl7.org/CodeSystem/hl7TermMaintInfra","code":"preferredForLanguage"},"value":"Pre-stroke"}]},{"code":"admission","display":"Admission","definition":"Assessment performed at, or shortly after, presentation/admission for the index stroke event (acute phase baseline for in-hospital care).","designation":[{"use":{"system":"http://terminology.hl7.org/CodeSystem/hl7TermMaintInfra","code":"preferredForLanguage"},"value":"Admission"}]},{"code":"discharge","display":"Discharge","definition":"Assessment performed at the time of discharge from the acute admission (or the end of the index hospitalization episode).","designation":[{"use":{"system":"http://terminology.hl7.org/CodeSystem/hl7TermMaintInfra","code":"preferredForLanguage"},"value":"Discharge"}]},{"code":"3-month","display":"3-Month Follow-up","definition":"Assessment performed at approximately 3 months (≈90 days) after discharge/index event, acknowledging operational windows used in routine follow-up and research.","designation":[{"use":{"system":"http://terminology.hl7.org/CodeSystem/hl7TermMaintInfra","code":"preferredForLanguage"},"value":"3-Month Follow-up"}]}]}