{"resourceType":"ValueSet","id":"medication-vs","text":{"status":"generated","div":"<div xmlns=\"http://www.w3.org/1999/xhtml\"><p class=\"res-header-id\"><b>Generated Narrative: ValueSet medication-vs</b></p><a name=\"medication-vs\"> </a><a name=\"hcmedication-vs\"> </a><p>This value set includes codes based on the following rules:</p><ul><li>Include these codes as defined in <a href=\"http://www.snomed.org/\"><code>http://snomed.info/sct</code></a><span title=\"Version is not explicitly stated. No matching Code System found\"> version Not Stated (use latest from terminology server)</span><table class=\"none\"><tr><td style=\"white-space:nowrap\"><b>Code</b></td><td><b>Display</b></td></tr><tr><td><a href=\"http://snomed.info/id/372756006\">372756006</a></td><td>Warfarin (substance)</td></tr><tr><td><a href=\"http://snomed.info/id/372586001\">372586001</a></td><td>Hypotensive agent (substance)</td></tr><tr><td><a href=\"http://snomed.info/id/372862008\">372862008</a></td><td>Anticoagulant (substance)</td></tr><tr><td><a href=\"http://snomed.info/id/312263009\">312263009</a></td><td>Sex hormone (substance)</td></tr><tr><td><a href=\"http://snomed.info/id/372912004\">372912004</a></td><td>Substance with 3-hydroxy-3-methylglutaryl-coenzyme A reductase inhibitor mechanism of action (substance)</td></tr><tr><td><a href=\"http://snomed.info/id/387458008\">387458008</a></td><td>Aspirin (substance)</td></tr><tr><td><a href=\"http://snomed.info/id/386952008\">386952008</a></td><td>Clopidogrel (substance)</td></tr><tr><td><a href=\"http://snomed.info/id/372877000\">372877000</a></td><td>Heparin (substance)</td></tr></table></li><li>Include all codes defined in <a href=\"CodeSystem-medication-cs.html\"><code>http://tecnomod-um.org/CodeSystem/medication-cs</code></a><span title=\"Version is not explicitly stated, which means it is fixed to the version provided in this specification\"> version &#x1F4E6;1.0.0</span></li></ul></div>"},"url":"http://tecnomod-um.org/ValueSet/medication-vs","version":"1.0.0","name":"MedicationVS","title":"Discharge Medications ValueSet","status":"draft","date":"2026-02-20T10:05:07+00:00","publisher":"UMU","contact":[{"name":"UMU","telecom":[{"system":"url","value":"http://tecnomod-um.org"}]}],"description":"ValueSet defining allowable coded medications (or medication categories) for discharge MedicationRequests.\n\n**Primary use-case**\n- Required binding to `MedicationRequest.medication` in `DischargeMedicationRequestProfile`.\n\n**What this ValueSet supports**\n1) **Specific SNOMED CT substance concepts** (e.g., aspirin, clopidogrel, warfarin) for agent-level capture.\n2) **Local category codes** (from `MedicationCS`) for minimum-data capture when only the class is known.\n\n**Scope and modeling notes**\n- This ValueSet does not encode dose, route, frequency, or duration; those are expressed in MedicationRequest elements.","compose":{"include":[{"system":"http://snomed.info/sct","concept":[{"code":"372756006","display":"Warfarin (substance)"},{"code":"372586001","display":"Hypotensive agent (substance)"},{"code":"372862008","display":"Anticoagulant (substance)"},{"code":"312263009","display":"Sex hormone (substance)"},{"code":"372912004","display":"Substance with 3-hydroxy-3-methylglutaryl-coenzyme A reductase inhibitor mechanism of action (substance)"},{"code":"387458008","display":"Aspirin (substance)"},{"code":"386952008","display":"Clopidogrel (substance)"},{"code":"372877000","display":"Heparin (substance)"}]},{"system":"http://tecnomod-um.org/CodeSystem/medication-cs"}]}}