{"resourceType":"ValueSet","id":"stroke-circumstance-codes-vs","text":{"status":"generated","div":"<div xmlns=\"http://www.w3.org/1999/xhtml\"><p class=\"res-header-id\"><b>Generated Narrative: ValueSet stroke-circumstance-codes-vs</b></p><a name=\"stroke-circumstance-codes-vs\"> </a><a name=\"hcstroke-circumstance-codes-vs\"> </a><ul><li>Include all codes defined in <a href=\"CodeSystem-stroke-circumstance-codes-cs.html\"><code>http://tecnomod-um.org/CodeSystem/stroke-circumstance-codes-cs</code></a><span title=\"Version is not explicitly stated, which means it is fixed to the version provided in this specification\"> version &#x1F4E6;0.1.0</span></li></ul></div>"},"url":"http://tecnomod-um.org/ValueSet/stroke-circumstance-codes-vs","version":"0.1.0","name":"StrokeCircumstanceCodesVS","title":"Stroke Circumstance Codes ValueSet","status":"active","date":"2026-02-17T08:59:32+00:00","publisher":"UMU","contact":[{"name":"UMU","telecom":[{"system":"url","value":"http://tecnomod-um.org"}]}],"description":"Codes for findings related to the circumstances of stroke onset (In-hospital, Wake-up).","compose":{"include":[{"system":"http://tecnomod-um.org/CodeSystem/stroke-circumstance-codes-cs"}]}}