{"resourceType":"ValueSet","id":"stroke-finding-codes-vs","text":{"status":"generated","div":"<div xmlns=\"http://www.w3.org/1999/xhtml\"><p class=\"res-header-id\"><b>Generated Narrative: ValueSet stroke-finding-codes-vs</b></p><a name=\"stroke-finding-codes-vs\"> </a><a name=\"hcstroke-finding-codes-vs\"> </a><p>This value set includes codes based on the following rules:</p><ul><li>Import all the codes that are contained in <a href=\"ValueSet-specific-finding-codes-vs.html\">Specific Stroke Finding Codes ValueSet</a></li><li>Import all the codes that are contained in <a href=\"ValueSet-mtici-code-vs.html\">mTICI Score Codes ValueSet</a></li></ul></div>"},"url":"http://tecnomod-um.org/ValueSet/stroke-finding-codes-vs","version":"0.1.0","name":"StrokeFindingCodesVS","title":"Specific Stroke Finding Codes ValueSet","status":"active","date":"2026-02-19T08:49:26+00:00","publisher":"UMU","contact":[{"name":"UMU","telecom":[{"system":"url","value":"http://tecnomod-um.org"}]}],"description":"This ValueSet aggregates a small set of coded “finding/assessment concepts” used by the SpecificFindingObservationProfile for stroke-related documentation. It currently includes:\n- specific disorder concepts relevant to stroke workup (from SpecificFindingCodesVS), and\n- the mTICI assessment concept code (from MTICICodeVS).\n\nImplementer note: This ValueSet is used to constrain Observation.code. Where Observation.code is a disorder concept (e.g., AF disorder), the Observation instance should be interpreted as capturing an *assessment about that finding* (with the assessment result carried in Observation.valueCodeableConcept, per profile constraints). Where Observation.code is an assessment concept (e.g., mTICI), the Observation.valueCodeableConcept carries the corresponding score/result.","compose":{"include":[{"valueSet":["http://tecnomod-um.org/ValueSet/specific-finding-codes-vs"]},{"valueSet":["http://tecnomod-um.org/ValueSet/mtici-code-vs"]}]}}