{"resourceType":"ValueSet","id":"thrombectomy-complication-vs","text":{"status":"generated","div":"<div xmlns=\"http://www.w3.org/1999/xhtml\"><p class=\"res-header-id\"><b>Generated Narrative: ValueSet thrombectomy-complication-vs</b></p><a name=\"thrombectomy-complication-vs\"> </a><a name=\"hcthrombectomy-complication-vs\"> </a><p>This value set includes codes based on the following rules:</p><ul><li>Include these codes as defined in <a href=\"http://www.snomed.org/\"><code>http://snomed.info/sct</code></a><span title=\"Version is not explicitly stated. No matching Code System found\"> version Not Stated (use latest from terminology server)</span><table class=\"none\"><tr><td style=\"white-space:nowrap\"><b>Code</b></td><td><b>Display</b></td></tr><tr><td><a href=\"http://snomed.info/id/307312008\">307312008</a></td><td>Perforation of artery (disorder)</td></tr></table></li><li>Include all codes defined in <a href=\"CodeSystem-thrombectomy-complication-cs.html\"><code>http://tecnomod-um.org/CodeSystem/thrombectomy-complication-cs</code></a><span title=\"Version is not explicitly stated, which means it is fixed to the version provided in this specification\"> version &#x1F4E6;0.1.0</span></li></ul></div>"},"url":"http://tecnomod-um.org/ValueSet/thrombectomy-complication-vs","version":"0.1.0","name":"ThrombectomyComplicationVS","title":"Thrombectomy Complications ValueSet","status":"active","date":"2026-02-19T14:25:22+00:00","publisher":"UMU","contact":[{"name":"UMU","telecom":[{"system":"url","value":"http://tecnomod-um.org"}]}],"description":" ValueSet of SNOMED CT concepts representing complications of thrombectomy as clinical conditions.\n\n**Primary use-case**\n- Bind `Procedure.complication` (or the referenced Condition.code) to a SNOMED-based set for interoperability.\n","compose":{"include":[{"system":"http://snomed.info/sct","concept":[{"code":"307312008","display":"Perforation of artery (disorder)"}]},{"system":"http://tecnomod-um.org/CodeSystem/thrombectomy-complication-cs"}]}}