{"resourceType":"ValueSet","id":"assessment-context-vs","text":{"status":"generated","div":"<div xmlns=\"http://www.w3.org/1999/xhtml\"><p class=\"res-header-id\"><b>Generated Narrative: ValueSet assessment-context-vs</b></p><a name=\"assessment-context-vs\"> </a><a name=\"hcassessment-context-vs\"> </a><ul><li>Include all codes defined in <a href=\"CodeSystem-assessment-context-cs.html\"><code>http://tecnomod-um.org/CodeSystem/assessment-context-cs</code></a><span title=\"Version is not explicitly stated, which means it is fixed to the version provided in this specification\"> version &#x1F4E6;1.0.0</span></li></ul></div>"},"url":"http://tecnomod-um.org/ValueSet/assessment-context-vs","version":"1.0.0","name":"AssessmentContextVS","title":"Assessment Context ValueSet","status":"active","experimental":true,"date":"2026-02-20T09:50:49+00:00","publisher":"UMU","contact":[{"name":"UMU","telecom":[{"system":"url","value":"http://tecnomod-um.org"}]}],"description":"This ValueSet includes all phase/context codes from AssessmentContextCS.\n\n**Primary use-case**\n- Required binding for elements that must indicate the clinical phase of an assessment (e.g., timing context extensions).","compose":{"include":[{"system":"http://tecnomod-um.org/CodeSystem/assessment-context-cs"}]}}