{"resourceType":"ValueSet","id":"initial-care-intensity-vs","text":{"status":"generated","div":"<div xmlns=\"http://www.w3.org/1999/xhtml\"><p class=\"res-header-id\"><b>Generated Narrative: ValueSet initial-care-intensity-vs</b></p><a name=\"initial-care-intensity-vs\"> </a><a name=\"hcinitial-care-intensity-vs\"> </a><ul><li>Include all codes defined in <a href=\"CodeSystem-initial-care-intensity-cs.html\"><code>http://tecnomod-um.org/CodeSystem/initial-care-intensity-cs</code></a><span title=\"Version is not explicitly stated, which means it is fixed to the version provided in this specification\"> version &#x1F4E6;1.0.0</span></li></ul></div>"},"url":"http://tecnomod-um.org/ValueSet/initial-care-intensity-vs","version":"1.0.0","name":"InitialCareIntensityVS","title":"Initial Care Intensity ValueSet","status":"active","date":"2026-02-20T10:05:07+00:00","publisher":"UMU","contact":[{"name":"UMU","telecom":[{"system":"url","value":"http://tecnomod-um.org"}]}],"description":"ValueSet restricting allowed initial care intensity categories.\n\n**Primary use-case**\n- Required binding for `InitialCareIntensityExtension.valueCodeableConcept`.","compose":{"include":[{"system":"http://tecnomod-um.org/CodeSystem/initial-care-intensity-cs"}]}}