{"resourceType":"ValueSet","id":"afib-flutter-status-vs","text":{"status":"generated","div":"<div xmlns=\"http://www.w3.org/1999/xhtml\"><p class=\"res-header-id\"><b>Generated Narrative: ValueSet afib-flutter-status-vs</b></p><a name=\"afib-flutter-status-vs\"> </a><a name=\"hcafib-flutter-status-vs\"> </a><ul><li>Include these codes as defined in <a href=\"http://www.snomed.org/\"><code>http://snomed.info/sct</code></a><span title=\"Version is not explicitly stated. No matching Code System found\"> version Not Stated (use latest from terminology server)</span><table class=\"none\"><tr><td style=\"white-space:nowrap\"><b>Code</b></td><td><b>Display</b></td></tr><tr><td><a href=\"http://snomed.info/id/410515003\">410515003</a></td><td>Known present (qualifier value)</td></tr><tr><td><a href=\"http://snomed.info/id/410516002\">410516002</a></td><td>Known absent (qualifier value)</td></tr><tr><td><a href=\"http://snomed.info/id/261665006\">261665006</a></td><td>Unknown (qualifier value)</td></tr></table></li></ul></div>"},"url":"http://tecnomod-um.org/ValueSet/afib-flutter-status-vs","version":"0.1.0","name":"AfibFlutterStatusVS","title":"Atrial Fibrillation or Flutter Status ValueSet","status":"active","date":"2026-02-18T13:09:07+00:00","publisher":"UMU","contact":[{"name":"UMU","telecom":[{"system":"url","value":"http://tecnomod-um.org"}]}],"description":"ValueSet defining the allowed coded outcomes for documenting the status of an Atrial Fibrillation (AF) or Atrial Flutter assessment. It is intentionally restricted to SNOMED CT qualifier values to express: (1) known present, (2) known absent, or (3) unknown. The ValueSet supports harmonized recording across systems, improves comparability for clinical decision support and research, and enables consistent reporting in contexts where AF/flutter materially influences thromboembolic risk and subsequent management.","compose":{"include":[{"system":"http://snomed.info/sct","concept":[{"code":"410515003","display":"Known present (qualifier value)"},{"code":"410516002","display":"Known absent (qualifier value)"},{"code":"261665006","display":"Unknown (qualifier value)"}]}]}}