{"resourceType":"ValueSet","id":"functional-score-codes-vs","text":{"status":"generated","div":"<div xmlns=\"http://www.w3.org/1999/xhtml\"><p class=\"res-header-id\"><b>Generated Narrative: ValueSet functional-score-codes-vs</b></p><a name=\"functional-score-codes-vs\"> </a><a name=\"hcfunctional-score-codes-vs\"> </a><ul><li>Include these codes as defined in <a href=\"http://www.snomed.org/\"><code>http://snomed.info/sct</code></a><span title=\"Version is not explicitly stated. No matching Code System found\"> version Not Stated (use latest from terminology server)</span><table class=\"none\"><tr><td style=\"white-space:nowrap\"><b>Code</b></td><td><b>Display</b></td></tr><tr><td><a href=\"http://snomed.info/id/1255866005\">1255866005</a></td><td>Modified Rankin Scale score (observable entity)</td></tr><tr><td><a href=\"http://snomed.info/id/450743008\">450743008</a></td><td>National Institutes of Health stroke scale score (observable entity)</td></tr></table></li></ul></div>"},"url":"http://tecnomod-um.org/ValueSet/functional-score-codes-vs","version":"1.0.0","name":"FunctionalScoreCodesVS","title":"Stroke Functional Score Codes ValueSet","status":"active","date":"2026-02-20T10:17:22+00:00","publisher":"UMU","contact":[{"name":"UMU","telecom":[{"system":"url","value":"http://tecnomod-um.org"}]}],"description":"This ValueSet constrains `Observation.code` for functional outcome and severity instruments represented in this guide:\n- Modified Rankin Scale score (mRS)\n- NIH Stroke Scale total score (NIHSS)\n\n**Primary use-case**\n- Bind to `Observation.code` in `FunctionalScoreObservationProfile`.\n\n**Datatype expectations enforced via invariants**\n- mRS: `Observation.valueCodeableConcept` bound to MRsScoreVS (ordinal categories 0–6).\n- NIHSS: `Observation.valueInteger` as total NIHSS score.","compose":{"include":[{"system":"http://snomed.info/sct","concept":[{"code":"1255866005","display":"Modified Rankin Scale score (observable entity)"},{"code":"450743008","display":"National Institutes of Health stroke scale score (observable entity)"}]}]}}