{"resourceType":"ValueSet","id":"carotid-imaging-modality-vs","text":{"status":"generated","div":"<div xmlns=\"http://www.w3.org/1999/xhtml\"><p class=\"res-header-id\"><b>Generated Narrative: ValueSet carotid-imaging-modality-vs</b></p><a name=\"carotid-imaging-modality-vs\"> </a><a name=\"hccarotid-imaging-modality-vs\"> </a><ul><li>Include these codes as defined in <a href=\"http://www.snomed.org/\"><code>http://snomed.info/sct</code></a><span title=\"Version is not explicitly stated. No matching Code System found\"> version Not Stated (use latest from terminology server)</span><table class=\"none\"><tr><td style=\"white-space:nowrap\"><b>Code</b></td><td><b>Display</b></td></tr><tr><td><a href=\"http://snomed.info/id/58920005\">58920005</a></td><td>Angiography of carotid artery (procedure)</td></tr><tr><td><a href=\"http://snomed.info/id/9171000087102\">9171000087102</a></td><td>Doppler ultrasonography of carotid arteries (procedure)</td></tr><tr><td><a href=\"http://snomed.info/id/396205005\">396205005</a></td><td>Computed tomography of brain without radiopaque contrast (procedure)</td></tr><tr><td><a href=\"http://snomed.info/id/1366357009\">1366357009</a></td><td>Magnetic resonance imaging angiography of intracranial artery (procedure)</td></tr></table></li></ul></div>"},"url":"http://tecnomod-um.org/ValueSet/carotid-imaging-modality-vs","version":"1.0.0","name":"CarotidImagingModalityVS","title":"Carotid Arteries Imaging Modality ValueSet","status":"active","date":"2026-02-20T10:31:35+00:00","publisher":"UMU","contact":[{"name":"UMU","telecom":[{"system":"url","value":"http://tecnomod-um.org"}]}],"description":"This ValueSet enumerates standardized codes (primarily SNOMED CT procedures) representing **carotid imaging modalities** used in stroke workflows.\n\n**Primary use-case**\n- Bind to `Procedure.code` when recording a carotid imaging study performed during the stroke episode.","compose":{"include":[{"system":"http://snomed.info/sct","concept":[{"code":"58920005","display":"Angiography of carotid artery (procedure)"},{"code":"9171000087102","display":"Doppler ultrasonography of carotid arteries (procedure)"},{"code":"396205005","display":"Computed tomography of brain without radiopaque contrast (procedure)"},{"code":"1366357009","display":"Magnetic resonance imaging angiography of intracranial artery (procedure)"}]}]}}