{"resourceType":"ValueSet","id":"stroke-finding-codes-vs","text":{"status":"generated","div":"<div xmlns=\"http://www.w3.org/1999/xhtml\"><p class=\"res-header-id\"><b>Generated Narrative: ValueSet stroke-finding-codes-vs</b></p><a name=\"stroke-finding-codes-vs\"> </a><a name=\"hcstroke-finding-codes-vs\"> </a><p>This value set includes codes based on the following rules:</p><ul><li>Import all the codes that are contained in <a href=\"ValueSet-specific-finding-codes-vs.html\">Specific Stroke Finding Codes ValueSet</a></li><li>Import all the codes that are contained in <a href=\"ValueSet-mtici-code-vs.html\">Modified Thrombolysis in Cerebral Infarction Assessment ValueSet</a></li></ul></div>"},"url":"http://tecnomod-um.org/ValueSet/stroke-finding-codes-vs","version":"0.1.0","name":"StrokeFindingCodesVS","title":"Specific Stroke Finding Codes ValueSet","status":"active","date":"2026-02-20T08:47:00+00:00","publisher":"UMU","contact":[{"name":"UMU","telecom":[{"system":"url","value":"http://tecnomod-um.org"}]}],"description":"This ValueSet aggregates coded Observation.code concepts used by `SpecificFindingObservationProfile`.\n\nIt currently includes:\n- Specific disorder concepts used as a finding focus (SpecificFindingCodesVS), and\n- The mTICI assessment concept (MTICICodeVS).\n\n**How to interpret usage**\n- If `Observation.code` is a disorder concept (e.g., AF), the Observation should be interpreted as an assessment about that finding,\n  with the result/status carried in `Observation.valueCodeableConcept` (e.g., AfibFlutterStatusVS).\n- If `Observation.code` is an assessment concept (e.g., mTICI), `Observation.valueCodeableConcept` carries the score (MticiScoreVS).","compose":{"include":[{"valueSet":["http://tecnomod-um.org/ValueSet/specific-finding-codes-vs"]},{"valueSet":["http://tecnomod-um.org/ValueSet/mtici-code-vs"]}]}}