{"resourceType":"ValueSet","id":"procedure-timing-context-vs","text":{"status":"generated","div":"<div xmlns=\"http://www.w3.org/1999/xhtml\"><p class=\"res-header-id\"><b>Generated Narrative: ValueSet procedure-timing-context-vs</b></p><a name=\"procedure-timing-context-vs\"> </a><a name=\"hcprocedure-timing-context-vs\"> </a><ul><li>Include all codes defined in <a href=\"CodeSystem-procedure-timing-context-cs.html\"><code>http://tecnomod-um.org/CodeSystem/procedure-timing-context-cs</code></a><span title=\"Version is not explicitly stated, which means it is fixed to the version provided in this specification\"> version &#x1F4E6;0.1.0</span></li></ul></div>"},"url":"http://tecnomod-um.org/ValueSet/procedure-timing-context-vs","version":"0.1.0","name":"ProcedureTimingContextVS","title":"Procedure Timing Context ValueSet","status":"active","date":"2026-02-20T09:39:34+00:00","publisher":"UMU","contact":[{"name":"UMU","telecom":[{"system":"url","value":"http://tecnomod-um.org"}]}],"description":"ValueSet limiting allowed values for the Procedure timing context extension (acute/post-acute/unknown).\n\n**Use-case**\n- Required binding to ensure comparable phase classification across systems and sites.","compose":{"include":[{"system":"http://tecnomod-um.org/CodeSystem/procedure-timing-context-cs"}]}}