{"resourceType":"ValueSet","id":"brain-imaging-modality-vs","text":{"status":"generated","div":"<div xmlns=\"http://www.w3.org/1999/xhtml\"><p class=\"res-header-id\"><b>Generated Narrative: ValueSet brain-imaging-modality-vs</b></p><a name=\"brain-imaging-modality-vs\"> </a><a name=\"hcbrain-imaging-modality-vs\"> </a><p>This value set includes codes based on the following rules:</p><ul><li>Include these codes as defined in <a href=\"http://www.snomed.org/\"><code>http://snomed.info/sct</code></a><span title=\"Version is not explicitly stated. No matching Code System found\"> version Not Stated (use latest from terminology server)</span><table class=\"none\"><tr><td style=\"white-space:nowrap\"><b>Code</b></td><td><b>Display</b></td></tr><tr><td><a href=\"http://snomed.info/id/419949007\">419949007</a></td><td>Computed tomography angiography of intracranial artery with contrast (procedure)</td></tr></table></li><li>Include all codes defined in <a href=\"CodeSystem-brain-imaging-type-cs.html\"><code>http://tecnomod-um.org/CodeSystem/brain-imaging-type-cs</code></a><span title=\"Version is not explicitly stated, which means it is fixed to the version provided in this specification\"> version &#x1F4E6;0.1.0</span></li></ul></div>"},"url":"http://tecnomod-um.org/ValueSet/brain-imaging-modality-vs","version":"0.1.0","name":"BrainImagingModalityVS","title":"Brain Imaging Modality ValueSet","status":"active","date":"2026-02-19T09:59:51+00:00","publisher":"UMU","contact":[{"name":"UMU","telecom":[{"system":"url","value":"http://tecnomod-um.org"}]}],"description":"Defines the SNOMED CT codes for individual brain imaging modalities performed as procedures.","compose":{"include":[{"system":"http://snomed.info/sct","concept":[{"code":"419949007","display":"Computed tomography angiography of intracranial artery with contrast (procedure)"}]},{"system":"http://tecnomod-um.org/CodeSystem/brain-imaging-type-cs"}]}}