{
  "resourceType" : "Observation",
  "id" : "AgeAtOnsetObservationExample",
  "meta" : {
    "profile" : ["http://tecnomod-um.org/StructureDefinition/age-at-onset-observation-profile"]
  },
  "text" : {
    "status" : "generated",
    "div" : "<div xmlns=\"http://www.w3.org/1999/xhtml\"><p><b>Example:</b> Age at stroke onset recorded as 65 years, linked to the stroke encounter.</p></div>"
  },
  "status" : "final",
  "code" : {
    "coding" : [{
      "system" : "http://snomed.info/sct",
      "code" : "445518008",
      "display" : "Age at onset of clinical finding (observable entity)"
    }]
  },
  "subject" : {
    "reference" : "Patient/example-patient"
  },
  "encounter" : {
    "reference" : "Encounter/StrokeEncounterExample"
  },
  "valueInteger" : 65
}