{
  "resourceType" : "Procedure",
  "id" : "StrokeBrainImagingExample",
  "meta" : {
    "profile" : ["http://tecnomod-um.org/StructureDefinition/stroke-brain-imaging-procedure-profile"]
  },
  "text" : {
    "status" : "extensions",
    "div" : "<div xmlns=\"http://www.w3.org/1999/xhtml\"><p class=\"res-header-id\"><b>Generated Narrative: Procedure StrokeBrainImagingExample</b></p><a name=\"StrokeBrainImagingExample\"> </a><a name=\"hcStrokeBrainImagingExample\"> </a><div style=\"display: inline-block; background-color: #d9e0e7; padding: 6px; margin: 4px; border: 1px solid #8da1b4; border-radius: 5px; line-height: 60%\"><p style=\"margin-bottom: 0px\"/><p style=\"margin-bottom: 0px\">Profile: <a href=\"StructureDefinition-stroke-brain-imaging-procedure-profile.html\">Stroke Brain Imaging Procedure Profile (R5)</a></p></div><p><b>Procedure Timing Context Extension</b>: <span title=\"Codes:{http://tecnomod-um.org/CodeSystem/procedure-timing-context-cs acute}\">Acute Phase (&lt;24h)</span></p><p><b>status</b>: Completed</p><p><b>code</b>: <span title=\"Codes:{http://snomed.info/sct 419949007}\">Computed tomography angiography of intracranial artery with contrast (procedure)</span></p><p><b>subject</b>: <a href=\"Patient-example-patient.html\">Anonymous Patient (no stated gender), DoB Unknown</a></p><p><b>occurrence</b>: 2025-03-01 10:00:00+0000</p></div>"
  },
  "extension" : [{
    "url" : "http://tecnomod-um.org/StructureDefinition/procedure-timing-context-ext",
    "valueCodeableConcept" : {
      "coding" : [{
        "system" : "http://tecnomod-um.org/CodeSystem/procedure-timing-context-cs",
        "code" : "acute",
        "display" : "Acute Phase (<24h)"
      }]
    }
  }],
  "status" : "completed",
  "code" : {
    "coding" : [{
      "system" : "http://snomed.info/sct",
      "code" : "419949007",
      "display" : "Computed tomography angiography of intracranial artery with contrast (procedure)"
    }]
  },
  "subject" : {
    "reference" : "Patient/example-patient"
  },
  "occurrenceDateTime" : "2025-03-01T10:00:00Z"
}